
  <medecin>
    <inami>274140166745</inami>
    <mail></mail>
    <nom>HAMEL</nom>
    <specialite>Néphrologie </specialite>
    <telephone>+3297268271474</telephone>
  </medecin>


  <medecin>
    <inami>135389206029</inami>
    <mail></mail>
    <nom>GUILBERT</nom>
    <specialite>Maladies infectieuses et tropicales</specialite>
    <telephone>+32137523988145</telephone>
  </medecin>


  <medecin>
    <inami>319408104386</inami>
    <mail></mail>
    <nom>MARAIS</nom>
    <specialite>Oncologie</specialite>
    <telephone>+32612594473102</telephone>
  </medecin>


  <medecin>
    <inami> 79056308748</inami>
    <mail></mail>
    <nom>ALEXANDRE</nom>
    <specialite>Pneumologie</specialite>
    <telephone>+32869057963512</telephone>
  </medecin>


  <medecin>
    <inami>118587702167</inami>
    <mail>Madeleine.DUMONTIER@hotmail.com</mail>
    <nom>JOUEN</nom>
    <specialite>Addictologie</specialite>
    <telephone>+3267426780421</telephone>
  </medecin>


  <medecin>
    <inami>105665309509</inami>
    <mail>M.DUMONTIER@live.be</mail>
    <nom>MOREL</nom>
    <specialite>Maladies infectieuses et tropicales</specialite>
    <telephone>+32762241489128</telephone>
  </medecin>


  <medecin>
    <inami>976048960664</inami>
    <mail></mail>
    <nom>BOURDON</nom>
    <specialite>Dermatologie et vénérologie</specialite>
    <telephone>+32402839771431</telephone>
  </medecin>


  <medecin>
    <inami> 72768837276</inami>
    <mail>M.DUMONTIER@live.fr</mail>
    <nom>MOTTE</nom>
    <specialite>Neurologie</specialite>
    <telephone>+3224887660367</telephone>
  </medecin>


  <medecin>
    <inami>172018253942</inami>
    <mail></mail>
    <nom>SAUVAGE</nom>
    <specialite>Endocrinologie-diabétologie-nutrition</specialite>
    <telephone>+32498377482746</telephone>
  </medecin>


  <medecin>
    <inami> 62061345087</inami>
    <mail></mail>
    <nom>THIERRY</nom>
    <specialite>Anesthésie-réanimation</specialite>
    <telephone>+32269682328496</telephone>
  </medecin>


  <medecin>
    <inami>777365724232</inami>
    <mail>DUMONTIER.Madeleine@ulb.be</mail>
    <nom>BRUMENT</nom>
    <specialite>Anesthésie-réanimation</specialite>
    <telephone>+32530553120100</telephone>
  </medecin>


  <medecin>
    <inami>611792149551</inami>
    <mail>Madeleine.DUMONTIER@hotmail.be</mail>
    <nom>PELTIER</nom>
    <specialite>Allergologie</specialite>
    <telephone>+32519590552586</telephone>
  </medecin>


  <medecin>
    <inami>922795567353</inami>
    <mail>Madeleine.DUMONTIER@live.be</mail>
    <nom>MORIN</nom>
    <specialite>Maladies infectieuses et tropicales</specialite>
    <telephone>+32523605752717</telephone>
  </medecin>


  <medecin>
    <inami>763289106024</inami>
    <mail>DUMONTIER.Madeleine@hotmail.be</mail>
    <nom>LETAILLEUR</nom>
    <specialite>Médecine cardiovasculaire</specialite>
    <telephone>+32487315921926</telephone>
  </medecin>


  <medecin>
    <inami>908054530433</inami>
    <mail>DUMONTIER.Madeleine@ulb.be</mail>
    <nom>HEUZE</nom>
    <specialite>Médecine cardiovasculaire</specialite>
    <telephone>+32116303594477</telephone>
  </medecin>


  <medecin>
    <inami>809271706293</inami>
    <mail>M.DUMONTIER@live.fr</mail>
    <nom>GRANCHER</nom>
    <specialite>Gynécologie médicale</specialite>
    <telephone>+32718934255161</telephone>
  </medecin>


  <medecin>
    <inami>311105363861</inami>
    <mail>DUMONTIER.Madeleine@hotmail.be</mail>
    <nom>ETIENNE</nom>
    <specialite>Gynécologie médicale</specialite>
    <telephone>+32716429579117</telephone>
  </medecin>


  <medecin>
    <inami>821028996447</inami>
    <mail>DUMONTIER.Madeleine@hotmail.be</mail>
    <nom>CAUVIN</nom>
    <specialite>Néphrologie </specialite>
    <telephone>+32415724621628</telephone>
  </medecin>


  <medecin>
    <inami>292810273169</inami>
    <mail>Madeleine.DUMONTIER@live.be</mail>
    <nom>BREDEL</nom>
    <specialite>Neurologie</specialite>
    <telephone>+32678751980849</telephone>
  </medecin>


  <medecin>
    <inami>784205459765</inami>
    <mail></mail>
    <nom>RIOULT</nom>
    <specialite>Rhumatologie</specialite>
    <telephone>+32335887899273</telephone>
  </medecin>


  <medecin>
    <inami>742418596838</inami>
    <mail>Madeleine.DUMONTIER@live.be</mail>
    <nom>FREMONT</nom>
    <specialite>Médecine cardiovasculaire</specialite>
    <telephone>+32255508468851</telephone>
  </medecin>


  <medecin>
    <inami>247595697354</inami>
    <mail>DUMONTIER.Madeleine@ulb.be</mail>
    <nom>LECANU</nom>
    <specialite>Rhumatologie</specialite>
    <telephone>+32803721910501</telephone>
  </medecin>


  <medecin>
    <inami>347172671525</inami>
    <mail></mail>
    <nom>BANCE</nom>
    <specialite>Pneumologie</specialite>
    <telephone>+32838638487082</telephone>
  </medecin>


  <medecin>
    <inami>328738438022</inami>
    <mail></mail>
    <nom>BREARD</nom>
    <specialite>Allergologie</specialite>
    <telephone>+32224480931210</telephone>
  </medecin>


  <medecin>
    <inami>655553788505</inami>
    <mail>M.DUMONTIER@hotmail.be</mail>
    <nom>CAPRON</nom>
    <specialite>Médecine cardiovasculaire</specialite>
    <telephone>+32765746193474</telephone>
  </medecin>


  <medecin>
    <inami>475379042112</inami>
    <mail>DUMONTIER.Madeleine@outlook.com</mail>
    <nom>OLIVIER</nom>
    <specialite>Médecine cardiovasculaire</specialite>
    <telephone>+3221372754923</telephone>
  </medecin>


  <medecin>
    <inami>858654228527</inami>
    <mail>Madeleine.DUMONTIER@live.fr</mail>
    <nom>BEAUFILS</nom>
    <specialite>Addictologie</specialite>
    <telephone>+32578340715109</telephone>
  </medecin>


  <medecin>
    <inami> 65558722177</inami>
    <mail></mail>
    <nom>BOCQUET</nom>
    <specialite>Médecine cardiovasculaire</specialite>
    <telephone>+32269715419234</telephone>
  </medecin>


  <medecin>
    <inami>994198510646</inami>
    <mail>M.DUMONTIER@hotmail.com</mail>
    <nom>GRENIER</nom>
    <specialite>Gynécologie médicale</specialite>
    <telephone>+32109997820157</telephone>
  </medecin>


  <medecin>
    <inami>269814193431</inami>
    <mail>Madeleine.DUMONTIER@hotmail.be</mail>
    <nom>LEVILLAIN</nom>
    <specialite>Pneumologie</specialite>
    <telephone>+32356074252317</telephone>
  </medecin>


  <medecin>
    <inami>881956980720</inami>
    <mail></mail>
    <nom>LACHEVRE</nom>
    <specialite>Maladies infectieuses et tropicales</specialite>
    <telephone>+32234969221163</telephone>
  </medecin>


  <medecin>
    <inami>463032548923</inami>
    <mail>Madeleine.DUMONTIER@hotmail.com</mail>
    <nom>FRIBOULET</nom>
    <specialite>Anesthésie-réanimation</specialite>
    <telephone>+32894396700327</telephone>
  </medecin>


  <medecin>
    <inami>128726035284</inami>
    <mail>M.DUMONTIER@hotmail.be</mail>
    <nom>DUFOUR</nom>
    <specialite>Gynécologie médicale</specialite>
    <telephone>+32177638039499</telephone>
  </medecin>


  <medecin>
    <inami>330266523243</inami>
    <mail></mail>
    <nom>MALANDAIN</nom>
    <specialite>Hématologie</specialite>
    <telephone>+32953757430723</telephone>
  </medecin>


  <medecin>
    <inami>822687227224</inami>
    <mail>DUMONTIER.Madeleine@hotmail.be</mail>
    <nom>DUVAL</nom>
    <specialite>Médecine cardiovasculaire</specialite>
    <telephone>+32715666671532</telephone>
  </medecin>


  <medecin>
    <inami>287127216156</inami>
    <mail></mail>
    <nom>OLIVIER</nom>
    <specialite>Médecine cardiovasculaire</specialite>
    <telephone>+32898413978475</telephone>
  </medecin>


  <medecin>
    <inami>208131386655</inami>
    <mail></mail>
    <nom>CARON</nom>
    <specialite>Pneumologie</specialite>
    <telephone>+32687781579137</telephone>
  </medecin>


  <medecin>
    <inami>792122251615</inami>
    <mail>DUMONTIER.Madeleine@hotmail.be</mail>
    <nom>HEUZE</nom>
    <specialite>Gynécologie médicale</specialite>
    <telephone>+32728746175226</telephone>
  </medecin>


  <medecin>
    <inami>294475822023</inami>
    <mail>Madeleine.DUMONTIER@live.be</mail>
    <nom>RIOULT</nom>
    <specialite>Psychiatrie</specialite>
    <telephone>+32317929860496</telephone>
  </medecin>


  <medecin>
    <inami>854591964841</inami>
    <mail>DUMONTIER.Madeleine@hotmail.be</mail>
    <nom>MAILLARD</nom>
    <specialite>Maladies infectieuses et tropicales</specialite>
    <telephone>+32930609961250</telephone>
  </medecin>


  <medecin>
    <inami>590254333017</inami>
    <mail>DUMONTIER.Madeleine@outlook.com</mail>
    <nom>BUREL</nom>
    <specialite>Oncologie</specialite>
    <telephone>+32573246629197</telephone>
  </medecin>


  <medecin>
    <inami>564639629741</inami>
    <mail>DUMONTIER.Madeleine@live.be</mail>
    <nom>BARRE</nom>
    <specialite>Dermatologie et vénérologie</specialite>
    <telephone>+32662432554644</telephone>
  </medecin>


  <medecin>
    <inami>730877845808</inami>
    <mail>DUMONTIER.Madeleine@ulb.be</mail>
    <nom>DESHAYES</nom>
    <specialite>Néphrologie </specialite>
    <telephone>+32528516040622</telephone>
  </medecin>


  <medecin>
    <inami>416839787045</inami>
    <mail></mail>
    <nom>CORDIER</nom>
    <specialite>Néphrologie </specialite>
    <telephone>+3283199264042</telephone>
  </medecin>


  <medecin>
    <inami>836786700139</inami>
    <mail></mail>
    <nom>CAUMONT</nom>
    <specialite>Gynécologie médicale</specialite>
    <telephone>+32149509790592</telephone>
  </medecin>


  <medecin>
    <inami> 31444857441</inami>
    <mail>M.DUMONTIER@ulb.be</mail>
    <nom>PHILIPPE</nom>
    <specialite>Gynécologie médicale</specialite>
    <telephone>+32584787132705</telephone>
  </medecin>


  <medecin>
    <inami>899291903941</inami>
    <mail>M.DUMONTIER@hotmail.com</mail>
    <nom>LEMARCHAND</nom>
    <specialite>Psychiatrie</specialite>
    <telephone>+32331260383956</telephone>
  </medecin>


  <medecin>
    <inami>842864082607</inami>
    <mail>M.DUMONTIER@outlook.com</mail>
    <nom>LAVENU</nom>
    <specialite>Rhumatologie</specialite>
    <telephone>+32368524043939</telephone>
  </medecin>


  <medecin>
    <inami>102362129425</inami>
    <mail></mail>
    <nom>ROULAND</nom>
    <specialite>Rhumatologie</specialite>
    <telephone>+32196616057636</telephone>
  </medecin>


  <medecin>
    <inami>548790244051</inami>
    <mail>Madeleine.DUMONTIER@outlook.com</mail>
    <nom>PICARD</nom>
    <specialite>Anesthésie-réanimation</specialite>
    <telephone>+32900094668003</telephone>
  </medecin>


  <medecin>
    <inami>550306854124</inami>
    <mail>Madeleine.DUMONTIER@outlook.com</mail>
    <nom>LEMERCIER</nom>
    <specialite>Maladies infectieuses et tropicales</specialite>
    <telephone>+32480317648430</telephone>
  </medecin>


  <medecin>
    <inami>914798616333</inami>
    <mail></mail>
    <nom>HERVIEU</nom>
    <specialite>Gynécologie médicale</specialite>
    <telephone>+32436596357960</telephone>
  </medecin>


  <medecin>
    <inami> 64774559483</inami>
    <mail></mail>
    <nom>COUSIN</nom>
    <specialite>Psychiatrie</specialite>
    <telephone>+32893419996690</telephone>
  </medecin>


  <medecin>
    <inami>406736862759</inami>
    <mail>DUMONTIER.Madeleine@hotmail.com</mail>
    <nom>DESJARDINS</nom>
    <specialite>Gynécologie médicale</specialite>
    <telephone>+3283907114189</telephone>
  </medecin>


  <medecin>
    <inami>368764048428</inami>
    <mail>DUMONTIER.Madeleine@outlook.com</mail>
    <nom>LESEIGNEUR</nom>
    <specialite>Psychiatrie</specialite>
    <telephone>+32921798513706</telephone>
  </medecin>


  <medecin>
    <inami>368800041638</inami>
    <mail>M.DUMONTIER@hotmail.com</mail>
    <nom>GRUEL</nom>
    <specialite>Gynécologie médicale</specialite>
    <telephone>+32602623957216</telephone>
  </medecin>


  <medecin>
    <inami>820849292274</inami>
    <mail></mail>
    <nom>BENOIST</nom>
    <specialite>Hématologie</specialite>
    <telephone>+32768157669630</telephone>
  </medecin>


  <medecin>
    <inami>794102588693</inami>
    <mail></mail>
    <nom>JEANNE</nom>
    <specialite>Allergologie</specialite>
    <telephone>+32755726240333</telephone>
  </medecin>


  <medecin>
    <inami>168299837897</inami>
    <mail>M.DUMONTIER@live.be</mail>
    <nom>BARRE</nom>
    <specialite>Addictologie</specialite>
    <telephone>+32979805241468</telephone>
  </medecin>


  <medecin>
    <inami> 44133993198</inami>
    <mail>M.DUMONTIER@outlook.com</mail>
    <nom>FOLLIOT</nom>
    <specialite>Addictologie</specialite>
    <telephone>+3240879765631</telephone>
  </medecin>


  <medecin>
    <inami>279392566215</inami>
    <mail>Madeleine.DUMONTIER@hotmail.com</mail>
    <nom>HAUGUEL</nom>
    <specialite>Médecine cardiovasculaire</specialite>
    <telephone>+32397393505659</telephone>
  </medecin>


  <medecin>
    <inami>597650791217</inami>
    <mail>DUMONTIER.Madeleine@ulb.be</mail>
    <nom>BOULARD</nom>
    <specialite>Anesthésie-réanimation</specialite>
    <telephone>+32659418026116</telephone>
  </medecin>


  <medecin>
    <inami>293373773626</inami>
    <mail></mail>
    <nom>CAUCHOIS</nom>
    <specialite>Allergologie</specialite>
    <telephone>+32760337651520</telephone>
  </medecin>


  <medecin>
    <inami>904362019031</inami>
    <mail>Madeleine.DUMONTIER@live.fr</mail>
    <nom>BANCE</nom>
    <specialite>Gynécologie médicale</specialite>
    <telephone>+32152172921562</telephone>
  </medecin>


  <medecin>
    <inami>136247343016</inami>
    <mail></mail>
    <nom>SOREL</nom>
    <specialite>Allergologie</specialite>
    <telephone>+32177313686732</telephone>
  </medecin>


  <medecin>
    <inami>501908044353</inami>
    <mail></mail>
    <nom>LECOMTE</nom>
    <specialite>Psychiatrie</specialite>
    <telephone>+32588020304254</telephone>
  </medecin>


  <medecin>
    <inami> 90036898981</inami>
    <mail>Madeleine.DUMONTIER@live.fr</mail>
    <nom>BERANGER</nom>
    <specialite>Addictologie</specialite>
    <telephone>+32407874187345</telephone>
  </medecin>


  <medecin>
    <inami>957260423023</inami>
    <mail></mail>
    <nom>DUMESNIL</nom>
    <specialite>Oncologie</specialite>
    <telephone>+32421714793887</telephone>
  </medecin>


  <medecin>
    <inami>252700656260</inami>
    <mail></mail>
    <nom>PETIT</nom>
    <specialite>Neurologie</specialite>
    <telephone>+32557985673768</telephone>
  </medecin>


  <medecin>
    <inami>539658806729</inami>
    <mail>M.DUMONTIER@outlook.com</mail>
    <nom>LEVILLAIN</nom>
    <specialite>Neurologie</specialite>
    <telephone>+3227775670475</telephone>
  </medecin>


  <medecin>
    <inami>977695238476</inami>
    <mail></mail>
    <nom>BAILLEUL</nom>
    <specialite>Oncologie</specialite>
    <telephone>+32633902049473</telephone>
  </medecin>


  <medecin>
    <inami>605816961493</inami>
    <mail>DUMONTIER.Madeleine@live.be</mail>
    <nom>BELLET</nom>
    <specialite>Allergologie</specialite>
    <telephone>+32245016828932</telephone>
  </medecin>


  <medecin>
    <inami>655873670670</inami>
    <mail>Madeleine.DUMONTIER@ulb.be</mail>
    <nom>DUJARDIN</nom>
    <specialite>Médecine cardiovasculaire</specialite>
    <telephone>+32466450034915</telephone>
  </medecin>


  <medecin>
    <inami>393302858347</inami>
    <mail>Madeleine.DUMONTIER@hotmail.be</mail>
    <nom>PORET</nom>
    <specialite>Addictologie</specialite>
    <telephone>+32431275147174</telephone>
  </medecin>


  <medecin>
    <inami>359067841159</inami>
    <mail></mail>
    <nom>CHAPELLE</nom>
    <specialite>Hématologie</specialite>
    <telephone>+32794321308811</telephone>
  </medecin>


  <medecin>
    <inami>326231043572</inami>
    <mail>Madeleine.DUMONTIER@hotmail.com</mail>
    <nom>DENIS</nom>
    <specialite>Oncologie</specialite>
    <telephone>+32977181425493</telephone>
  </medecin>


  <medecin>
    <inami>831243339647</inami>
    <mail>Madeleine.DUMONTIER@live.fr</mail>
    <nom>DUBOSC</nom>
    <specialite>Hépato-gastro-entérologie</specialite>
    <telephone>+32583532485188</telephone>
  </medecin>


  <medecin>
    <inami>393148243471</inami>
    <mail>Madeleine.DUMONTIER@hotmail.com</mail>
    <nom>BAILLEUL</nom>
    <specialite>Neurologie</specialite>
    <telephone>+32323134656716</telephone>
  </medecin>


  <medecin>
    <inami>474572244835</inami>
    <mail>M.DUMONTIER@ulb.be</mail>
    <nom>DAVID</nom>
    <specialite>Hématologie</specialite>
    <telephone>+32435106187848</telephone>
  </medecin>


  <medecin>
    <inami>356343965047</inami>
    <mail></mail>
    <nom>LEGRAS</nom>
    <specialite>Neurologie</specialite>
    <telephone>+32447200737187</telephone>
  </medecin>


  <medecin>
    <inami>455103501850</inami>
    <mail>M.DUMONTIER@live.fr</mail>
    <nom>BRUMENT</nom>
    <specialite>Addictologie</specialite>
    <telephone>+32488865523558</telephone>
  </medecin>


  <medecin>
    <inami>506588946916</inami>
    <mail></mail>
    <nom>LEROY</nom>
    <specialite>Addictologie</specialite>
    <telephone>+32131905313711</telephone>
  </medecin>


  <medecin>
    <inami>719180108746</inami>
    <mail>M.DUMONTIER@outlook.com</mail>
    <nom>LEBLOND</nom>
    <specialite>Hématologie</specialite>
    <telephone>+32389718562865</telephone>
  </medecin>


  <medecin>
    <inami>801049022571</inami>
    <mail></mail>
    <nom>MARC</nom>
    <specialite>Anesthésie-réanimation</specialite>
    <telephone>+3234053710772</telephone>
  </medecin>


  <medecin>
    <inami>524032410205</inami>
    <mail></mail>
    <nom>PREVOST</nom>
    <specialite>Gynécologie médicale</specialite>
    <telephone>+32135981191117</telephone>
  </medecin>


  <medecin>
    <inami>265571451325</inami>
    <mail></mail>
    <nom>DEMAREST</nom>
    <specialite>Addictologie</specialite>
    <telephone>+32589212965306</telephone>
  </medecin>


  <medecin>
    <inami>342625089196</inami>
    <mail>DUMONTIER.Madeleine@hotmail.com</mail>
    <nom>PORET</nom>
    <specialite>Néphrologie </specialite>
    <telephone>+32319228417493</telephone>
  </medecin>


  <medecin>
    <inami>893440270632</inami>
    <mail>M.DUMONTIER@live.be</mail>
    <nom>LECOINTRE</nom>
    <specialite>Oncologie</specialite>
    <telephone>+32385872609764</telephone>
  </medecin>


  <medecin>
    <inami>923330323668</inami>
    <mail>Madeleine.DUMONTIER@live.fr</mail>
    <nom>JOLY</nom>
    <specialite>Neurologie</specialite>
    <telephone>+32838772621570</telephone>
  </medecin>


  <medecin>
    <inami> 11799469144</inami>
    <mail></mail>
    <nom>CLEMENT</nom>
    <specialite>Hématologie</specialite>
    <telephone>+32452694308776</telephone>
  </medecin>


  <medecin>
    <inami>233366296957</inami>
    <mail>M.DUMONTIER@live.fr</mail>
    <nom>DELAUNAY</nom>
    <specialite>Endocrinologie-diabétologie-nutrition</specialite>
    <telephone>+322348848139</telephone>
  </medecin>


  <medecin>
    <inami>135747643279</inami>
    <mail>Madeleine.DUMONTIER@hotmail.be</mail>
    <nom>ROUSSEL</nom>
    <specialite>Endocrinologie-diabétologie-nutrition</specialite>
    <telephone>+32397728087875</telephone>
  </medecin>


  <medecin>
    <inami>678854561233</inami>
    <mail>DUMONTIER.Madeleine@ulb.be</mail>
    <nom>JAMET</nom>
    <specialite>Dermatologie et vénérologie</specialite>
    <telephone>+32780513466454</telephone>
  </medecin>


  <medecin>
    <inami>861061902999</inami>
    <mail>Madeleine.DUMONTIER@hotmail.com</mail>
    <nom>RICHARD</nom>
    <specialite>Anesthésie-réanimation</specialite>
    <telephone>+32333247317651</telephone>
  </medecin>


  <medecin>
    <inami> 34662622115</inami>
    <mail>Madeleine.DUMONTIER@outlook.com</mail>
    <nom>DELAUNAY</nom>
    <specialite>Gynécologie médicale</specialite>
    <telephone>+32523225475084</telephone>
  </medecin>


  <medecin>
    <inami> 36838645336</inami>
    <mail>DUMONTIER.Madeleine@ulb.be</mail>
    <nom>DUPONT</nom>
    <specialite>Hépato-gastro-entérologie</specialite>
    <telephone>+32283520008852</telephone>
  </medecin>


  <medecin>
    <inami>775942854102</inami>
    <mail></mail>
    <nom>BOULANGER</nom>
    <specialite>Endocrinologie-diabétologie-nutrition</specialite>
    <telephone>+32116230289246</telephone>
  </medecin>


  <medecin>
    <inami>183307754477</inami>
    <mail>M.DUMONTIER@ulb.be</mail>
    <nom>GOUBERT</nom>
    <specialite>Anesthésie-réanimation</specialite>
    <telephone>+32979550206244</telephone>
  </medecin>


  <medecin>
    <inami>669036934980</inami>
    <mail>DUMONTIER.Madeleine@live.fr</mail>
    <nom>CHANDELIER</nom>
    <specialite>Addictologie</specialite>
    <telephone>+32232751063508</telephone>
  </medecin>


  <medecin>
    <inami>669294202103</inami>
    <mail></mail>
    <nom>PARIS</nom>
    <specialite>Hépato-gastro-entérologie</specialite>
    <telephone>+3214772629946</telephone>
  </medecin>


  <medecin>
    <inami>184360871802</inami>
    <mail></mail>
    <nom>AUGER</nom>
    <specialite>Anesthésie-réanimation</specialite>
    <telephone>+32506646043614</telephone>
  </medecin>


  <medecin>
    <inami>461155379592</inami>
    <mail></mail>
    <nom>FOURNIER</nom>
    <specialite>Allergologie</specialite>
    <telephone>+32857153401249</telephone>
  </medecin>


  <medecin>
    <inami>149602559860</inami>
    <mail></mail>
    <nom>BUISSON</nom>
    <specialite>Pneumologie</specialite>
    <telephone>+32466193785834</telephone>
  </medecin>


  <medecin>
    <inami>303699482145</inami>
    <mail></mail>
    <nom>LEFEBVRE</nom>
    <specialite>Psychiatrie</specialite>
    <telephone>+32435628352116</telephone>
  </medecin>


  <medecin>
    <inami> 69979380845</inami>
    <mail>DUMONTIER.Madeleine@live.be</mail>
    <nom>LECONTE</nom>
    <specialite>Pneumologie</specialite>
    <telephone>+32836131348732</telephone>
  </medecin>


  <medecin>
    <inami> 43481836720</inami>
    <mail></mail>
    <nom>CAUCHOIS</nom>
    <specialite>Oncologie</specialite>
    <telephone>+32424564125232</telephone>
  </medecin>


  <medecin>
    <inami>625021452140</inami>
    <mail></mail>
    <nom>PICARD</nom>
    <specialite>Maladies infectieuses et tropicales</specialite>
    <telephone>+32256648815948</telephone>
  </medecin>


  <medecin>
    <inami>181507672167</inami>
    <mail>DUMONTIER.Madeleine@live.fr</mail>
    <nom>CORDIER</nom>
    <specialite>Maladies infectieuses et tropicales</specialite>
    <telephone>+32916304881540</telephone>
  </medecin>


  <medecin>
    <inami>761120751368</inami>
    <mail>M.DUMONTIER@live.be</mail>
    <nom>BUISSON</nom>
    <specialite>Hématologie</specialite>
    <telephone>+32669402884279</telephone>
  </medecin>


  <medecin>
    <inami>695935011192</inami>
    <mail>DUMONTIER.Madeleine@live.fr</mail>
    <nom>CANU</nom>
    <specialite>Neurologie</specialite>
    <telephone>+32867064599528</telephone>
  </medecin>


  <medecin>
    <inami>707692967032</inami>
    <mail>M.DUMONTIER@live.fr</mail>
    <nom>PELLERIN</nom>
    <specialite>Hématologie</specialite>
    <telephone>+327618411900</telephone>
  </medecin>


  <medecin>
    <inami>546096898347</inami>
    <mail>DUMONTIER.Madeleine@outlook.com</mail>
    <nom>LANGLOIS</nom>
    <specialite>Endocrinologie-diabétologie-nutrition</specialite>
    <telephone>+32828683648090</telephone>
  </medecin>


  <medecin>
    <inami>275261492913</inami>
    <mail>M.DUMONTIER@hotmail.be</mail>
    <nom>LECROQ</nom>
    <specialite>Hématologie</specialite>
    <telephone>+32457043099706</telephone>
  </medecin>


  <medecin>
    <inami>345608037934</inami>
    <mail>M.DUMONTIER@hotmail.be</mail>
    <nom>PIMONT</nom>
    <specialite>Allergologie</specialite>
    <telephone>+32234254296944</telephone>
  </medecin>


  <medecin>
    <inami>157546624580</inami>
    <mail></mail>
    <nom>MALANDAIN</nom>
    <specialite>Psychiatrie</specialite>
    <telephone>+32415054731748</telephone>
  </medecin>


  <medecin>
    <inami>803569821767</inami>
    <mail>Madeleine.DUMONTIER@hotmail.com</mail>
    <nom>DUCLOS</nom>
    <specialite>Gynécologie médicale</specialite>
    <telephone>+32336704241479</telephone>
  </medecin>


  <medecin>
    <inami> 68843634387</inami>
    <mail>DUMONTIER.Madeleine@ulb.be</mail>
    <nom>DUMONTIER</nom>
    <specialite>Psychiatrie</specialite>
    <telephone>+32893465563916</telephone>
  </medecin>


  <medecin>
    <inami>778583979667</inami>
    <mail>DUMONTIER.Madeleine@outlook.com</mail>
    <nom>LEVASSEUR</nom>
    <specialite>Endocrinologie-diabétologie-nutrition</specialite>
    <telephone>+32429623700185</telephone>
  </medecin>


  <medecin>
    <inami>232680056220</inami>
    <mail>Madeleine.DUMONTIER@live.be</mail>
    <nom>DURAND</nom>
    <specialite>Néphrologie </specialite>
    <telephone>+32497281882246</telephone>
  </medecin>


  <medecin>
    <inami>570327067778</inami>
    <mail>M.DUMONTIER@ulb.be</mail>
    <nom>CADINOT</nom>
    <specialite>Hématologie</specialite>
    <telephone>+322893822114</telephone>
  </medecin>


  <medecin>
    <inami>176875311320</inami>
    <mail>DUMONTIER.Madeleine@live.fr</mail>
    <nom>LECLERC</nom>
    <specialite>Hématologie</specialite>
    <telephone>+32379986639330</telephone>
  </medecin>


  <medecin>
    <inami>375462405027</inami>
    <mail></mail>
    <nom>FOSSE</nom>
    <specialite>Hématologie</specialite>
    <telephone>+32779076177487</telephone>
  </medecin>


  <medecin>
    <inami>801743641418</inami>
    <mail></mail>
    <nom>VIEL</nom>
    <specialite>Gynécologie médicale</specialite>
    <telephone>+32309416918219</telephone>
  </medecin>


  <medecin>
    <inami>  9936083029</inami>
    <mail></mail>
    <nom>DELAMARE</nom>
    <specialite>Oncologie</specialite>
    <telephone>+32291812138825</telephone>
  </medecin>


  <medecin>
    <inami>428567962428</inami>
    <mail></mail>
    <nom>PREVOST</nom>
    <specialite>Allergologie</specialite>
    <telephone>+32634210674086</telephone>
  </medecin>


  <medecin>
    <inami>664000680759</inami>
    <mail></mail>
    <nom>LEMERCIER</nom>
    <specialite>Médecine cardiovasculaire</specialite>
    <telephone>+32730172575166</telephone>
  </medecin>


  <medecin>
    <inami>868928069574</inami>
    <mail></mail>
    <nom>DESCHAMPS</nom>
    <specialite>Hépato-gastro-entérologie</specialite>
    <telephone>+32463974683896</telephone>
  </medecin>


  <medecin>
    <inami>513018177423</inami>
    <mail></mail>
    <nom>BOIVIN</nom>
    <specialite>Néphrologie </specialite>
    <telephone>+32704606604965</telephone>
  </medecin>


  <medecin>
    <inami>372994839118</inami>
    <mail></mail>
    <nom>DUFOUR</nom>
    <specialite>Addictologie</specialite>
    <telephone>+32357210705854</telephone>
  </medecin>


  <medecin>
    <inami>849874787116</inami>
    <mail></mail>
    <nom>DELAMARE</nom>
    <specialite>Néphrologie </specialite>
    <telephone>+32958263919436</telephone>
  </medecin>


  <medecin>
    <inami>291285655394</inami>
    <mail></mail>
    <nom>LEGER</nom>
    <specialite>Néphrologie </specialite>
    <telephone>+32177028605275</telephone>
  </medecin>


  <medecin>
    <inami>722751405411</inami>
    <mail>Madeleine.DUMONTIER@hotmail.com</mail>
    <nom>DESHAYES</nom>
    <specialite>Anesthésie-réanimation</specialite>
    <telephone>+32788300884905</telephone>
  </medecin>


  <medecin>
    <inami>353932858329</inami>
    <mail>Madeleine.DUMONTIER@outlook.com</mail>
    <nom>LOUVEL</nom>
    <specialite>Oncologie</specialite>
    <telephone>+32428464449416</telephone>
  </medecin>


  <medecin>
    <inami>189556018703</inami>
    <mail>Madeleine.DUMONTIER@hotmail.be</mail>
    <nom>ANQUETIL</nom>
    <specialite>Endocrinologie-diabétologie-nutrition</specialite>
    <telephone>+32765677010275</telephone>
  </medecin>


  <medecin>
    <inami>844435899435</inami>
    <mail>Madeleine.DUMONTIER@ulb.be</mail>
    <nom>DUFOUR</nom>
    <specialite>Gynécologie médicale</specialite>
    <telephone>+32235557412130</telephone>
  </medecin>


  <medecin>
    <inami>470650054865</inami>
    <mail>Madeleine.DUMONTIER@outlook.com</mail>
    <nom>LENORMAND</nom>
    <specialite>Dermatologie et vénérologie</specialite>
    <telephone>+32620910599538</telephone>
  </medecin>


  <medecin>
    <inami>163906727484</inami>
    <mail>DUMONTIER.Madeleine@outlook.com</mail>
    <nom>PELLETIER</nom>
    <specialite>Hépato-gastro-entérologie</specialite>
    <telephone>+32386211866615</telephone>
  </medecin>


  <medecin>
    <inami>982805115978</inami>
    <mail>DUMONTIER.Madeleine@hotmail.be</mail>
    <nom>FERET</nom>
    <specialite>Rhumatologie</specialite>
    <telephone>+32578090312092</telephone>
  </medecin>


  <medecin>
    <inami>958419757511</inami>
    <mail>M.DUMONTIER@ulb.be</mail>
    <nom>MARY</nom>
    <specialite>Rhumatologie</specialite>
    <telephone>+32181345786031</telephone>
  </medecin>


  <medecin>
    <inami>358085188945</inami>
    <mail>M.DUMONTIER@hotmail.be</mail>
    <nom>FORTIN</nom>
    <specialite>Oncologie</specialite>
    <telephone>+32434489000201</telephone>
  </medecin>


  <medecin>
    <inami>777346132117</inami>
    <mail>Madeleine.DUMONTIER@outlook.com</mail>
    <nom>LECOMTE</nom>
    <specialite>Endocrinologie-diabétologie-nutrition</specialite>
    <telephone>+3239206419818</telephone>
  </medecin>


  <medecin>
    <inami>750031073607</inami>
    <mail>Madeleine.DUMONTIER@live.be</mail>
    <nom>DELESTRE</nom>
    <specialite>Néphrologie </specialite>
    <telephone>+3269677541856</telephone>
  </medecin>


  <medecin>
    <inami>297935617514</inami>
    <mail>M.DUMONTIER@live.be</mail>
    <nom>HAREL</nom>
    <specialite>Dermatologie et vénérologie</specialite>
    <telephone>+32346078388042</telephone>
  </medecin>


  <medecin>
    <inami>328554925221</inami>
    <mail>DUMONTIER.Madeleine@live.fr</mail>
    <nom>PELLERIN</nom>
    <specialite>Addictologie</specialite>
    <telephone>+32141444971548</telephone>
  </medecin>


  <medecin>
    <inami>979270483353</inami>
    <mail></mail>
    <nom>LEBRUN</nom>
    <specialite>Psychiatrie</specialite>
    <telephone>+32750431140678</telephone>
  </medecin>


  <medecin>
    <inami>894898780497</inami>
    <mail></mail>
    <nom>DUTOT</nom>
    <specialite>Addictologie</specialite>
    <telephone>+32569612726910</telephone>
  </medecin>


  <medecin>
    <inami> 10859725557</inami>
    <mail></mail>
    <nom>SELLIER</nom>
    <specialite>Dermatologie et vénérologie</specialite>
    <telephone>+32470815380623</telephone>
  </medecin>


  <medecin>
    <inami>187231989128</inami>
    <mail>DUMONTIER.Madeleine@hotmail.be</mail>
    <nom>GOSSE</nom>
    <specialite>Hépato-gastro-entérologie</specialite>
    <telephone>+32720897231529</telephone>
  </medecin>


  <medecin>
    <inami>199114282358</inami>
    <mail></mail>
    <nom>LEVASSEUR</nom>
    <specialite>Médecine cardiovasculaire</specialite>
    <telephone>+3299990127979</telephone>
  </medecin>


  <medecin>
    <inami>217643234271</inami>
    <mail>Madeleine.DUMONTIER@hotmail.com</mail>
    <nom>LEMAIRE</nom>
    <specialite>Gynécologie médicale</specialite>
    <telephone>+32887427149349</telephone>
  </medecin>


  <medecin>
    <inami>613615284746</inami>
    <mail></mail>
    <nom>DUJARDIN</nom>
    <specialite>Maladies infectieuses et tropicales</specialite>
    <telephone>+32499899842577</telephone>
  </medecin>


  <medecin>
    <inami>650440774574</inami>
    <mail>Madeleine.DUMONTIER@ulb.be</mail>
    <nom>LEGENDRE</nom>
    <specialite>Oncologie</specialite>
    <telephone>+32791325671707</telephone>
  </medecin>


  <medecin>
    <inami>260712058320</inami>
    <mail>Madeleine.DUMONTIER@hotmail.be</mail>
    <nom>CAUMONT</nom>
    <specialite>Hématologie</specialite>
    <telephone>+32218538857812</telephone>
  </medecin>


  <medecin>
    <inami>426690941579</inami>
    <mail>M.DUMONTIER@hotmail.com</mail>
    <nom>JAMET</nom>
    <specialite>Pneumologie</specialite>
    <telephone>+3232136096723</telephone>
  </medecin>


  <medecin>
    <inami>715147088037</inami>
    <mail>M.DUMONTIER@hotmail.com</mail>
    <nom>MALLET</nom>
    <specialite>Hépato-gastro-entérologie</specialite>
    <telephone>+32190653503515</telephone>
  </medecin>


  <medecin>
    <inami>296062204840</inami>
    <mail></mail>
    <nom>CARON</nom>
    <specialite>Endocrinologie-diabétologie-nutrition</specialite>
    <telephone>+32652058264295</telephone>
  </medecin>


  <medecin>
    <inami>894835871059</inami>
    <mail></mail>
    <nom>BREARD</nom>
    <specialite>Oncologie</specialite>
    <telephone>+32417778422133</telephone>
  </medecin>


  <medecin>
    <inami>719361786232</inami>
    <mail>DUMONTIER.Madeleine@outlook.com</mail>
    <nom>DEHAIS</nom>
    <specialite>Oncologie</specialite>
    <telephone>+32507073257770</telephone>
  </medecin>


  <medecin>
    <inami>774465828876</inami>
    <mail>M.DUMONTIER@hotmail.com</mail>
    <nom>DUMONTIER</nom>
    <specialite>Allergologie</specialite>
    <telephone>+32325910187295</telephone>
  </medecin>


  <medecin>
    <inami>653826432308</inami>
    <mail>M.DUMONTIER@outlook.com</mail>
    <nom>GODARD</nom>
    <specialite>Oncologie</specialite>
    <telephone>+32116173341458</telephone>
  </medecin>


  <medecin>
    <inami>112207272267</inami>
    <mail>Madeleine.DUMONTIER@hotmail.be</mail>
    <nom>CORNU</nom>
    <specialite>Médecine cardiovasculaire</specialite>
    <telephone>+32866514485125</telephone>
  </medecin>


  <medecin>
    <inami>851247046621</inami>
    <mail>DUMONTIER.Madeleine@live.fr</mail>
    <nom>MARY</nom>
    <specialite>Allergologie</specialite>
    <telephone>+32922516354752</telephone>
  </medecin>


  <medecin>
    <inami>664991314059</inami>
    <mail>DUMONTIER.Madeleine@outlook.com</mail>
    <nom>COLOMBEL</nom>
    <specialite>Endocrinologie-diabétologie-nutrition</specialite>
    <telephone>+32285554775767</telephone>
  </medecin>


  <medecin>
    <inami>413082562057</inami>
    <mail>M.DUMONTIER@hotmail.com</mail>
    <nom>ARGENTIN</nom>
    <specialite>Gynécologie médicale</specialite>
    <telephone>+32433832775130</telephone>
  </medecin>


  <medecin>
    <inami>519422440276</inami>
    <mail>M.DUMONTIER@hotmail.com</mail>
    <nom>GIFFARD</nom>
    <specialite>Addictologie</specialite>
    <telephone>+32645433714930</telephone>
  </medecin>


  <medecin>
    <inami>382517821914</inami>
    <mail></mail>
    <nom>LANGLOIS</nom>
    <specialite>Anesthésie-réanimation</specialite>
    <telephone>+32610491534170</telephone>
  </medecin>


  <medecin>
    <inami>198069873406</inami>
    <mail>Madeleine.DUMONTIER@ulb.be</mail>
    <nom>BOIVIN</nom>
    <specialite>Médecine cardiovasculaire</specialite>
    <telephone>+32251838582990</telephone>
  </medecin>


  <medecin>
    <inami>391774212661</inami>
    <mail>M.DUMONTIER@hotmail.com</mail>
    <nom>MABIRE</nom>
    <specialite>Oncologie</specialite>
    <telephone>+32885350881887</telephone>
  </medecin>


  <medecin>
    <inami>909229356219</inami>
    <mail>Madeleine.DUMONTIER@hotmail.com</mail>
    <nom>BOURDON</nom>
    <specialite>Pneumologie</specialite>
    <telephone>+32601628163787</telephone>
  </medecin>


  <medecin>
    <inami>925057210698</inami>
    <mail>Madeleine.DUMONTIER@outlook.com</mail>
    <nom>RICHARD</nom>
    <specialite>Médecine cardiovasculaire</specialite>
    <telephone>+32613524042463</telephone>
  </medecin>


  <medecin>
    <inami>272262712618</inami>
    <mail>Madeleine.DUMONTIER@live.fr</mail>
    <nom>LEGENDRE</nom>
    <specialite>Pneumologie</specialite>
    <telephone>+32107046806698</telephone>
  </medecin>


  <medecin>
    <inami>191740900969</inami>
    <mail>Madeleine.DUMONTIER@live.fr</mail>
    <nom>HERVIEUX</nom>
    <specialite>Hématologie</specialite>
    <telephone>+32119171367900</telephone>
  </medecin>


  <medecin>
    <inami>364780447812</inami>
    <mail>Madeleine.DUMONTIER@hotmail.be</mail>
    <nom>DELAUNE</nom>
    <specialite>Gynécologie médicale</specialite>
    <telephone>+32146332087794</telephone>
  </medecin>


  <medecin>
    <inami>374227189439</inami>
    <mail>DUMONTIER.Madeleine@hotmail.com</mail>
    <nom>LETAILLEUR</nom>
    <specialite>Dermatologie et vénérologie</specialite>
    <telephone>+32969226838048</telephone>
  </medecin>


  <medecin>
    <inami>936183455300</inami>
    <mail>DUMONTIER.Madeleine@outlook.com</mail>
    <nom>BREDEL</nom>
    <specialite>Neurologie</specialite>
    <telephone>+32889521777966</telephone>
  </medecin>


  <medecin>
    <inami>750220103653</inami>
    <mail></mail>
    <nom>RENAULT</nom>
    <specialite>Psychiatrie</specialite>
    <telephone>+32308602947263</telephone>
  </medecin>


  <medecin>
    <inami>376058875786</inami>
    <mail>Madeleine.DUMONTIER@hotmail.be</mail>
    <nom>ALLAIS</nom>
    <specialite>Rhumatologie</specialite>
    <telephone>+32269685875420</telephone>
  </medecin>


  <medecin>
    <inami>349913450816</inami>
    <mail>Madeleine.DUMONTIER@outlook.com</mail>
    <nom>ADAM</nom>
    <specialite>Oncologie</specialite>
    <telephone>+32135268647480</telephone>
  </medecin>


  <medecin>
    <inami>495656882223</inami>
    <mail></mail>
    <nom>VAUTIER</nom>
    <specialite>Anesthésie-réanimation</specialite>
    <telephone>+32635717282766</telephone>
  </medecin>


  <medecin>
    <inami>718881385402</inami>
    <mail>Madeleine.DUMONTIER@hotmail.com</mail>
    <nom>SANSON</nom>
    <specialite>Allergologie</specialite>
    <telephone>+32191822489264</telephone>
  </medecin>


  <medecin>
    <inami>439519841453</inami>
    <mail></mail>
    <nom>ROULAND</nom>
    <specialite>Médecine cardiovasculaire</specialite>
    <telephone>+32566000580646</telephone>
  </medecin>


  <medecin>
    <inami>373337694008</inami>
    <mail></mail>
    <nom>CLATOT</nom>
    <specialite>Maladies infectieuses et tropicales</specialite>
    <telephone>+32618757476430</telephone>
  </medecin>


  <medecin>
    <inami>987916642855</inami>
    <mail>Madeleine.DUMONTIER@live.fr</mail>
    <nom>GALLAIS</nom>
    <specialite>Psychiatrie</specialite>
    <telephone>+32357242380911</telephone>
  </medecin>


  <medecin>
    <inami>130906640348</inami>
    <mail></mail>
    <nom>DROUET</nom>
    <specialite>Addictologie</specialite>
    <telephone>+32188633138893</telephone>
  </medecin>


  <medecin>
    <inami>935013146247</inami>
    <mail>DUMONTIER.Madeleine@ulb.be</mail>
    <nom>GUILBERT</nom>
    <specialite>Médecine cardiovasculaire</specialite>
    <telephone>+32502545243523</telephone>
  </medecin>


  <medecin>
    <inami>689190871633</inami>
    <mail>Madeleine.DUMONTIER@ulb.be</mail>
    <nom>TALBOT</nom>
    <specialite>Dermatologie et vénérologie</specialite>
    <telephone>+322946315925</telephone>
  </medecin>


  <medecin>
    <inami>826923957765</inami>
    <mail></mail>
    <nom>RICHARD</nom>
    <specialite>Allergologie</specialite>
    <telephone>+32505194719512</telephone>
  </medecin>


  <medecin>
    <inami>950213748539</inami>
    <mail>M.DUMONTIER@ulb.be</mail>
    <nom>MUTEL</nom>
    <specialite>Neurologie</specialite>
    <telephone>+32367369298253</telephone>
  </medecin>


  <medecin>
    <inami> 84939254372</inami>
    <mail>Madeleine.DUMONTIER@outlook.com</mail>
    <nom>CAVELIER</nom>
    <specialite>Oncologie</specialite>
    <telephone>+32766274701328</telephone>
  </medecin>


  <medecin>
    <inami>524834330953</inami>
    <mail>M.DUMONTIER@hotmail.com</mail>
    <nom>FORTIN</nom>
    <specialite>Rhumatologie</specialite>
    <telephone>+32692581436442</telephone>
  </medecin>


  <medecin>
    <inami> 66443930415</inami>
    <mail>DUMONTIER.Madeleine@outlook.com</mail>
    <nom>MARTEL</nom>
    <specialite>Médecine cardiovasculaire</specialite>
    <telephone>+32548470738334</telephone>
  </medecin>


  <medecin>
    <inami>471483701751</inami>
    <mail>DUMONTIER.Madeleine@hotmail.be</mail>
    <nom>BENOIST</nom>
    <specialite>Neurologie</specialite>
    <telephone>+32624381551824</telephone>
  </medecin>


  <medecin>
    <inami>325744809786</inami>
    <mail>M.DUMONTIER@live.be</mail>
    <nom>ANGOT</nom>
    <specialite>Neurologie</specialite>
    <telephone>+32108029140233</telephone>
  </medecin>


  <medecin>
    <inami>929855336339</inami>
    <mail>DUMONTIER.Madeleine@outlook.com</mail>
    <nom>DUBUC</nom>
    <specialite>Psychiatrie</specialite>
    <telephone>+32272626182761</telephone>
  </medecin>


  <medecin>
    <inami>635338131347</inami>
    <mail></mail>
    <nom>ROGER</nom>
    <specialite>Hépato-gastro-entérologie</specialite>
    <telephone>+3272533549629</telephone>
  </medecin>


  <medecin>
    <inami>121309254322</inami>
    <mail></mail>
    <nom>GOSSE</nom>
    <specialite>Addictologie</specialite>
    <telephone>+32574035142541</telephone>
  </medecin>


  <medecin>
    <inami>813697581221</inami>
    <mail></mail>
    <nom>BRETON</nom>
    <specialite>Psychiatrie</specialite>
    <telephone>+325035554304</telephone>
  </medecin>


  <medecin>
    <inami>314915603278</inami>
    <mail></mail>
    <nom>MARTIN</nom>
    <specialite>Néphrologie </specialite>
    <telephone>+32700961505397</telephone>
  </medecin>


  <medecin>
    <inami>511014192920</inami>
    <mail>M.DUMONTIER@hotmail.be</mail>
    <nom>DELABARRE</nom>
    <specialite>Pneumologie</specialite>
    <telephone>+32698076063834</telephone>
  </medecin>


  <medecin>
    <inami>154853156743</inami>
    <mail>Madeleine.DUMONTIER@live.be</mail>
    <nom>PHILIPPE</nom>
    <specialite>Neurologie</specialite>
    <telephone>+32844943750229</telephone>
  </medecin>


  <medecin>
    <inami>448548859763</inami>
    <mail>M.DUMONTIER@hotmail.be</mail>
    <nom>ALLAIS</nom>
    <specialite>Psychiatrie</specialite>
    <telephone>+32525635692604</telephone>
  </medecin>


  <medecin>
    <inami> 29860104331</inami>
    <mail>DUMONTIER.Madeleine@ulb.be</mail>
    <nom>DELAMARE</nom>
    <specialite>Neurologie</specialite>
    <telephone>+32784383202964</telephone>
  </medecin>


  <medecin>
    <inami>330578492076</inami>
    <mail></mail>
    <nom>MABIRE</nom>
    <specialite>Allergologie</specialite>
    <telephone>+32437971667239</telephone>
  </medecin>


  <medecin>
    <inami>616911441047</inami>
    <mail>Madeleine.DUMONTIER@outlook.com</mail>
    <nom>SIMON</nom>
    <specialite>Pneumologie</specialite>
    <telephone>+32416882385195</telephone>
  </medecin>


  <medecin>
    <inami>128746129053</inami>
    <mail>Madeleine.DUMONTIER@outlook.com</mail>
    <nom>GUILBERT</nom>
    <specialite>Allergologie</specialite>
    <telephone>+32909825928078</telephone>
  </medecin>


  <medecin>
    <inami>836020987710</inami>
    <mail>M.DUMONTIER@outlook.com</mail>
    <nom>ROSE</nom>
    <specialite>Oncologie</specialite>
    <telephone>+32339340197445</telephone>
  </medecin>


  <medecin>
    <inami>412256346595</inami>
    <mail></mail>
    <nom>LOISEL</nom>
    <specialite>Endocrinologie-diabétologie-nutrition</specialite>
    <telephone>+32461587417155</telephone>
  </medecin>


  <medecin>
    <inami>642658250076</inami>
    <mail>Madeleine.DUMONTIER@outlook.com</mail>
    <nom>CHAPELLE</nom>
    <specialite>Dermatologie et vénérologie</specialite>
    <telephone>+32239027238991</telephone>
  </medecin>


  <medecin>
    <inami>715135463210</inami>
    <mail>M.DUMONTIER@live.be</mail>
    <nom>BUNEL</nom>
    <specialite>Hématologie</specialite>
    <telephone>+32682919388340</telephone>
  </medecin>


  <medecin>
    <inami>598740447598</inami>
    <mail>DUMONTIER.Madeleine@live.fr</mail>
    <nom>DUFILS</nom>
    <specialite>Gynécologie médicale</specialite>
    <telephone>+32942610711528</telephone>
  </medecin>


  <medecin>
    <inami>682900535898</inami>
    <mail></mail>
    <nom>AUBE</nom>
    <specialite>Addictologie</specialite>
    <telephone>+32356717288768</telephone>
  </medecin>


  <medecin>
    <inami>873628823867</inami>
    <mail></mail>
    <nom>DUBOIS</nom>
    <specialite>Néphrologie </specialite>
    <telephone>+32167206236346</telephone>
  </medecin>


  <medecin>
    <inami>764281699958</inami>
    <mail></mail>
    <nom>ANGOT</nom>
    <specialite>Néphrologie </specialite>
    <telephone>+32146420350172</telephone>
  </medecin>


  <medecin>
    <inami>584363895321</inami>
    <mail></mail>
    <nom>LEMERCIER</nom>
    <specialite>Hématologie</specialite>
    <telephone>+32127641737895</telephone>
  </medecin>


  <medecin>
    <inami>705084069764</inami>
    <mail>DUMONTIER.Madeleine@live.fr</mail>
    <nom>DESHAYES</nom>
    <specialite>Hématologie</specialite>
    <telephone>+32601514668407</telephone>
  </medecin>


  <medecin>
    <inami>307468240579</inami>
    <mail>Madeleine.DUMONTIER@ulb.be</mail>
    <nom>LAMY</nom>
    <specialite>Hépato-gastro-entérologie</specialite>
    <telephone>+32669479363376</telephone>
  </medecin>


  <medecin>
    <inami>124380727397</inami>
    <mail>Madeleine.DUMONTIER@hotmail.be</mail>
    <nom>PAUMIER</nom>
    <specialite>Anesthésie-réanimation</specialite>
    <telephone>+32519456355673</telephone>
  </medecin>


  <medecin>
    <inami>672572470506</inami>
    <mail></mail>
    <nom>BIGOT</nom>
    <specialite>Hématologie</specialite>
    <telephone>+3244406618023</telephone>
  </medecin>


  <medecin>
    <inami>491770039028</inami>
    <mail>Madeleine.DUMONTIER@ulb.be</mail>
    <nom>DENIS</nom>
    <specialite>Addictologie</specialite>
    <telephone>+32102212742392</telephone>
  </medecin>


  <medecin>
    <inami>392110851492</inami>
    <mail></mail>
    <nom>GOUPIL</nom>
    <specialite>Rhumatologie</specialite>
    <telephone>+32997756606940</telephone>
  </medecin>


  <medecin>
    <inami>429955320993</inami>
    <mail>DUMONTIER.Madeleine@ulb.be</mail>
    <nom>CARRE</nom>
    <specialite>Maladies infectieuses et tropicales</specialite>
    <telephone>+32242296430115</telephone>
  </medecin>


  <medecin>
    <inami>493377856323</inami>
    <mail>M.DUMONTIER@live.fr</mail>
    <nom>BRETON</nom>
    <specialite>Rhumatologie</specialite>
    <telephone>+32144398046735</telephone>
  </medecin>


  <medecin>
    <inami>132104953913</inami>
    <mail>DUMONTIER.Madeleine@hotmail.be</mail>
    <nom>HAUTOT</nom>
    <specialite>Oncologie</specialite>
    <telephone>+32905136664237</telephone>
  </medecin>


  <medecin>
    <inami>922030333065</inami>
    <mail></mail>
    <nom>LEVILLAIN</nom>
    <specialite>Endocrinologie-diabétologie-nutrition</specialite>
    <telephone>+32605844943813</telephone>
  </medecin>


  <medecin>
    <inami>746205735423</inami>
    <mail>Madeleine.DUMONTIER@ulb.be</mail>
    <nom>FRANCOIS</nom>
    <specialite>Maladies infectieuses et tropicales</specialite>
    <telephone>+32470684053684</telephone>
  </medecin>


  <medecin>
    <inami>925514651423</inami>
    <mail>Madeleine.DUMONTIER@live.fr</mail>
    <nom>BACHELET</nom>
    <specialite>Pneumologie</specialite>
    <telephone>+32549459208348</telephone>
  </medecin>


  <medecin>
    <inami>129681628476</inami>
    <mail>DUMONTIER.Madeleine@outlook.com</mail>
    <nom>BENARD</nom>
    <specialite>Allergologie</specialite>
    <telephone>+32405238287742</telephone>
  </medecin>


  <medecin>
    <inami>962539054354</inami>
    <mail>M.DUMONTIER@hotmail.com</mail>
    <nom>FREMONT</nom>
    <specialite>Hépato-gastro-entérologie</specialite>
    <telephone>+3299502593745</telephone>
  </medecin>


  <medecin>
    <inami>  6084427742</inami>
    <mail></mail>
    <nom>SIMON</nom>
    <specialite>Anesthésie-réanimation</specialite>
    <telephone>+32429509076084</telephone>
  </medecin>


  <medecin>
    <inami>478127291131</inami>
    <mail>M.DUMONTIER@ulb.be</mail>
    <nom>PELTIER</nom>
    <specialite>Maladies infectieuses et tropicales</specialite>
    <telephone>+32556752170955</telephone>
  </medecin>


  <medecin>
    <inami>857455948934</inami>
    <mail>Madeleine.DUMONTIER@hotmail.be</mail>
    <nom>BARBIER</nom>
    <specialite>Néphrologie </specialite>
    <telephone>+32309470641900</telephone>
  </medecin>


  <medecin>
    <inami>611351830938</inami>
    <mail>DUMONTIER.Madeleine@ulb.be</mail>
    <nom>DELAUNE</nom>
    <specialite>Hématologie</specialite>
    <telephone>+32722642776070</telephone>
  </medecin>


  <medecin>
    <inami>974467362920</inami>
    <mail></mail>
    <nom>QUIBEL</nom>
    <specialite>Pneumologie</specialite>
    <telephone>+32910403172048</telephone>
  </medecin>


  <medecin>
    <inami>992180529166</inami>
    <mail>Madeleine.DUMONTIER@hotmail.com</mail>
    <nom>BUREL</nom>
    <specialite>Pneumologie</specialite>
    <telephone>+32911908952920</telephone>
  </medecin>


  <medecin>
    <inami> 10671959917</inami>
    <mail>DUMONTIER.Madeleine@live.fr</mail>
    <nom>BLANCHARD</nom>
    <specialite>Addictologie</specialite>
    <telephone>+32467029164148</telephone>
  </medecin>


  <medecin>
    <inami>743045833307</inami>
    <mail>Madeleine.DUMONTIER@live.fr</mail>
    <nom>GRUEL</nom>
    <specialite>Maladies infectieuses et tropicales</specialite>
    <telephone>+32523013510069</telephone>
  </medecin>


  <medecin>
    <inami>764113960350</inami>
    <mail></mail>
    <nom>LECONTE</nom>
    <specialite>Allergologie</specialite>
    <telephone>+32202866953641</telephone>
  </medecin>


  <medecin>
    <inami>479414577349</inami>
    <mail>Madeleine.DUMONTIER@hotmail.com</mail>
    <nom>PARMENTIER</nom>
    <specialite>Maladies infectieuses et tropicales</specialite>
    <telephone>+32177531387102</telephone>
  </medecin>


  <medecin>
    <inami>722425791687</inami>
    <mail></mail>
    <nom>DAVID</nom>
    <specialite>Médecine cardiovasculaire</specialite>
    <telephone>+32656259189470</telephone>
  </medecin>


  <medecin>
    <inami>653511979042</inami>
    <mail>Madeleine.DUMONTIER@hotmail.be</mail>
    <nom>FERON</nom>
    <specialite>Endocrinologie-diabétologie-nutrition</specialite>
    <telephone>+32183158965564</telephone>
  </medecin>


  <medecin>
    <inami> 66645361795</inami>
    <mail></mail>
    <nom>BRETON</nom>
    <specialite>Gynécologie médicale</specialite>
    <telephone>+32778161455321</telephone>
  </medecin>


  <medecin>
    <inami>250995462113</inami>
    <mail>Madeleine.DUMONTIER@live.fr</mail>
    <nom>MUTEL</nom>
    <specialite>Maladies infectieuses et tropicales</specialite>
    <telephone>+32306003055322</telephone>
  </medecin>


  <medecin>
    <inami>448026041773</inami>
    <mail>M.DUMONTIER@ulb.be</mail>
    <nom>MARICAL</nom>
    <specialite>Pneumologie</specialite>
    <telephone>+32529913074471</telephone>
  </medecin>


  <medecin>
    <inami>627442429591</inami>
    <mail>Madeleine.DUMONTIER@live.fr</mail>
    <nom>CORNU</nom>
    <specialite>Maladies infectieuses et tropicales</specialite>
    <telephone>+3278661958088</telephone>
  </medecin>


  <medecin>
    <inami>674270076784</inami>
    <mail></mail>
    <nom>BELLET</nom>
    <specialite>Hématologie</specialite>
    <telephone>+32522940898077</telephone>
  </medecin>


  <medecin>
    <inami>743678677111</inami>
    <mail>Madeleine.DUMONTIER@outlook.com</mail>
    <nom>BUNEL</nom>
    <specialite>Allergologie</specialite>
    <telephone>+32613148224664</telephone>
  </medecin>


  <medecin>
    <inami>587318834205</inami>
    <mail>DUMONTIER.Madeleine@ulb.be</mail>
    <nom>LEFRANCOIS</nom>
    <specialite>Dermatologie et vénérologie</specialite>
    <telephone>+32943543174806</telephone>
  </medecin>


  <medecin>
    <inami>377959665299</inami>
    <mail>M.DUMONTIER@hotmail.be</mail>
    <nom>ALEXANDRE</nom>
    <specialite>Maladies infectieuses et tropicales</specialite>
    <telephone>+32997749752756</telephone>
  </medecin>


  <medecin>
    <inami>576640689455</inami>
    <mail>M.DUMONTIER@live.be</mail>
    <nom>LEMIRE</nom>
    <specialite>Endocrinologie-diabétologie-nutrition</specialite>
    <telephone>+32691384736231</telephone>
  </medecin>


  <medecin>
    <inami>420605238261</inami>
    <mail>DUMONTIER.Madeleine@live.be</mail>
    <nom>LEPRETRE</nom>
    <specialite>Maladies infectieuses et tropicales</specialite>
    <telephone>+32250558538495</telephone>
  </medecin>


  <medecin>
    <inami>672144058521</inami>
    <mail>Madeleine.DUMONTIER@live.be</mail>
    <nom>PELLETIER</nom>
    <specialite>Hépato-gastro-entérologie</specialite>
    <telephone>+32762017414035</telephone>
  </medecin>


  <medecin>
    <inami>108875494924</inami>
    <mail>Madeleine.DUMONTIER@live.fr</mail>
    <nom>BENARD</nom>
    <specialite>Médecine cardiovasculaire</specialite>
    <telephone>+32316790562257</telephone>
  </medecin>


  <medecin>
    <inami>820371725971</inami>
    <mail></mail>
    <nom>LEMAITRE</nom>
    <specialite>Médecine cardiovasculaire</specialite>
    <telephone>+32896002173141</telephone>
  </medecin>


  <medecin>
    <inami> 20204362881</inami>
    <mail></mail>
    <nom>BOCQUET</nom>
    <specialite>Néphrologie </specialite>
    <telephone>+32455328455332</telephone>
  </medecin>


  <medecin>
    <inami>986067317205</inami>
    <mail>DUMONTIER.Madeleine@hotmail.com</mail>
    <nom>MARCHAND</nom>
    <specialite>Gynécologie médicale</specialite>
    <telephone>+3280419031562</telephone>
  </medecin>


  <medecin>
    <inami>744727391040</inami>
    <mail></mail>
    <nom>PASQUIER</nom>
    <specialite>Psychiatrie</specialite>
    <telephone>+32822385486087</telephone>
  </medecin>


  <medecin>
    <inami>181861372934</inami>
    <mail>M.DUMONTIER@live.be</mail>
    <nom>GRANCHER</nom>
    <specialite>Médecine cardiovasculaire</specialite>
    <telephone>+32740972430552</telephone>
  </medecin>


  <medecin>
    <inami>851282315820</inami>
    <mail>DUMONTIER.Madeleine@ulb.be</mail>
    <nom>CARON</nom>
    <specialite>Néphrologie </specialite>
    <telephone>+32994299802529</telephone>
  </medecin>


  <medecin>
    <inami>297578058480</inami>
    <mail>M.DUMONTIER@outlook.com</mail>
    <nom>RIOULT</nom>
    <specialite>Hépato-gastro-entérologie</specialite>
    <telephone>+32205301880127</telephone>
  </medecin>


  <medecin>
    <inami>252936957110</inami>
    <mail></mail>
    <nom>MALLET</nom>
    <specialite>Hématologie</specialite>
    <telephone>+32785712557512</telephone>
  </medecin>


  <medecin>
    <inami>980812996437</inami>
    <mail>M.DUMONTIER@outlook.com</mail>
    <nom>ARGENTIN</nom>
    <specialite>Rhumatologie</specialite>
    <telephone>+32730664581509</telephone>
  </medecin>


  <medecin>
    <inami> 19068943685</inami>
    <mail></mail>
    <nom>LECANU</nom>
    <specialite>Hématologie</specialite>
    <telephone>+32851923139465</telephone>
  </medecin>


  <medecin>
    <inami>435173536728</inami>
    <mail></mail>
    <nom>SAMSON</nom>
    <specialite>Endocrinologie-diabétologie-nutrition</specialite>
    <telephone>+32434190445871</telephone>
  </medecin>


  <medecin>
    <inami>950970788804</inami>
    <mail>Madeleine.DUMONTIER@hotmail.be</mail>
    <nom>OLIVIER</nom>
    <specialite>Psychiatrie</specialite>
    <telephone>+32199280117032</telephone>
  </medecin>


  <medecin>
    <inami>382160746969</inami>
    <mail>M.DUMONTIER@live.be</mail>
    <nom>DELAFOSSE</nom>
    <specialite>Anesthésie-réanimation</specialite>
    <telephone>+32451047414320</telephone>
  </medecin>


  <medecin>
    <inami>319045503354</inami>
    <mail></mail>
    <nom>PORET</nom>
    <specialite>Addictologie</specialite>
    <telephone>+32775026018682</telephone>
  </medecin>


  <medecin>
    <inami>665619488099</inami>
    <mail>Madeleine.DUMONTIER@hotmail.be</mail>
    <nom>BIGOT</nom>
    <specialite>Anesthésie-réanimation</specialite>
    <telephone>+3258519652117</telephone>
  </medecin>


  <medecin>
    <inami>876081161304</inami>
    <mail>M.DUMONTIER@ulb.be</mail>
    <nom>RENAULT</nom>
    <specialite>Endocrinologie-diabétologie-nutrition</specialite>
    <telephone>+32459767547289</telephone>
  </medecin>


  <medecin>
    <inami>665888657720</inami>
    <mail>M.DUMONTIER@live.fr</mail>
    <nom>MOUQUET</nom>
    <specialite>Dermatologie et vénérologie</specialite>
    <telephone>+32640416394531</telephone>
  </medecin>


  <medecin>
    <inami>556615855355</inami>
    <mail></mail>
    <nom>LEROY</nom>
    <specialite>Neurologie</specialite>
    <telephone>+32354649444377</telephone>
  </medecin>


  <medecin>
    <inami>861866991701</inami>
    <mail></mail>
    <nom>COUTURIER</nom>
    <specialite>Oncologie</specialite>
    <telephone>+32899764253190</telephone>
  </medecin>


  <medecin>
    <inami>540180136237</inami>
    <mail>M.DUMONTIER@live.be</mail>
    <nom>SENECAL</nom>
    <specialite>Endocrinologie-diabétologie-nutrition</specialite>
    <telephone>+32881378770927</telephone>
  </medecin>


  <medecin>
    <inami>642238361401</inami>
    <mail>M.DUMONTIER@live.be</mail>
    <nom>ANDRIEU</nom>
    <specialite>Gynécologie médicale</specialite>
    <telephone>+3221309779401</telephone>
  </medecin>


  <medecin>
    <inami>522355645293</inami>
    <mail></mail>
    <nom>MAUGER</nom>
    <specialite>Endocrinologie-diabétologie-nutrition</specialite>
    <telephone>+32983606006934</telephone>
  </medecin>
