
<patient>
  <NISS>184232301592</NISS>
  <date_de_naissance>03/28/1924</date_de_naissance>
  <genre>2</genre>
  <inami_medecin>189556018703</inami_medecin>
  <inami_pharmacien>25959248202</inami_pharmacien>
  <mail>None</mail>
  <nom>HAMEL</nom>
  <prenom>Audelia</prenom>
  <telephone>None</telephone>
</patient>


<patient>
  <NISS>477186174799</NISS>
  <date_de_naissance>12/04/1981</date_de_naissance>
  <genre>5</genre>
  <inami_medecin>894898780497</inami_medecin>
  <inami_pharmacien>339959247235</inami_pharmacien>
  <mail>E.GUILBERT@hotmail.com</mail>
  <nom>GUILBERT</nom>
  <prenom>Ellande</prenom>
  <telephone>+32862967279731</telephone>
</patient>


<patient>
  <NISS>505211004117</NISS>
  <date_de_naissance>06/12/2003</date_de_naissance>
  <genre>0</genre>
  <inami_medecin>294475822023</inami_medecin>
  <inami_pharmacien>636873635705</inami_pharmacien>
  <mail>Frederic.MARAIS@ulb.be</mail>
  <nom>MARAIS</nom>
  <prenom>Frederic</prenom>
  <telephone>None</telephone>
</patient>


<patient>
  <NISS>974655544893</NISS>
  <date_de_naissance>10/12/2015</date_de_naissance>
  <genre>2</genre>
  <inami_medecin>291285655394</inami_medecin>
  <inami_pharmacien>268994351855</inami_pharmacien>
  <mail>ALEXANDRE.Ellande@hotmail.com</mail>
  <nom>ALEXANDRE</nom>
  <prenom>Ellande</prenom>
  <telephone>None</telephone>
</patient>


<patient>
  <NISS>982893462185</NISS>
  <date_de_naissance>04/20/1966</date_de_naissance>
  <genre>2</genre>
  <inami_medecin>121309254322</inami_medecin>
  <inami_pharmacien>181941561780</inami_pharmacien>
  <mail>JOUEN.Eudes@live.fr</mail>
  <nom>JOUEN</nom>
  <prenom>Eudes</prenom>
  <telephone>None</telephone>
</patient>


<patient>
  <NISS>815401327094</NISS>
  <date_de_naissance>11/01/2011</date_de_naissance>
  <genre>3</genre>
  <inami_medecin>43481836720</inami_medecin>
  <inami_pharmacien>170438390732</inami_pharmacien>
  <mail>None</mail>
  <nom>MOREL</nom>
  <prenom>N'deye</prenom>
  <telephone>None</telephone>
</patient>


<patient>
  <NISS>441882444158</NISS>
  <date_de_naissance>11/20/2012</date_de_naissance>
  <genre>2</genre>
  <inami_medecin>742418596838</inami_medecin>
  <inami_pharmacien>794095655794</inami_pharmacien>
  <mail>None</mail>
  <nom>BOURDON</nom>
  <prenom>Elfriede</prenom>
  <telephone>+32966749630724</telephone>
</patient>


<patient>
  <NISS>11502692278</NISS>
  <date_de_naissance>10/18/1993</date_de_naissance>
  <genre>2</genre>
  <inami_medecin>328554925221</inami_medecin>
  <inami_pharmacien>155797849838</inami_pharmacien>
  <mail>None</mail>
  <nom>MOTTE</nom>
  <prenom>Audelia</prenom>
  <telephone>+32330738969421</telephone>
</patient>


<patient>
  <NISS>681856275223</NISS>
  <date_de_naissance>06/14/1959</date_de_naissance>
  <genre>2</genre>
  <inami_medecin>275261492913</inami_medecin>
  <inami_pharmacien>791664168991</inami_pharmacien>
  <mail>None</mail>
  <nom>SAUVAGE</nom>
  <prenom>Prudence</prenom>
  <telephone>None</telephone>
</patient>


<patient>
  <NISS>250282214560</NISS>
  <date_de_naissance>01/08/2011</date_de_naissance>
  <genre>0</genre>
  <inami_medecin>392110851492</inami_medecin>
  <inami_pharmacien>817552118441</inami_pharmacien>
  <mail>Jade.THIERRY@hotmail.com</mail>
  <nom>THIERRY</nom>
  <prenom>Jade</prenom>
  <telephone>None</telephone>
</patient>


<patient>
  <NISS>54723498984</NISS>
  <date_de_naissance>02/11/1948</date_de_naissance>
  <genre>2</genre>
  <inami_medecin>359067841159</inami_medecin>
  <inami_pharmacien>236464181957</inami_pharmacien>
  <mail>BRUMENT.Abdessamad@hotmail.com</mail>
  <nom>BRUMENT</nom>
  <prenom>Abdessamad</prenom>
  <telephone>None</telephone>
</patient>


<patient>
  <NISS>2017845529</NISS>
  <date_de_naissance>03/07/1957</date_de_naissance>
  <genre>1</genre>
  <inami_medecin>325744809786</inami_medecin>
  <inami_pharmacien>579137566985</inami_pharmacien>
  <mail>None</mail>
  <nom>PELTIER</nom>
  <prenom>Scheherazade</prenom>
  <telephone>+32364818852890</telephone>
</patient>


<patient>
  <NISS>526929815398</NISS>
  <date_de_naissance>01/25/1928</date_de_naissance>
  <genre>1</genre>
  <inami_medecin>914798616333</inami_medecin>
  <inami_pharmacien>876617660526</inami_pharmacien>
  <mail>MORIN.Demys@live.be</mail>
  <nom>MORIN</nom>
  <prenom>Demys</prenom>
  <telephone>+32149716511229</telephone>
</patient>


<patient>
  <NISS>534930629278</NISS>
  <date_de_naissance>08/04/1983</date_de_naissance>
  <genre>4</genre>
  <inami_medecin>598740447598</inami_medecin>
  <inami_pharmacien>980898490483</inami_pharmacien>
  <mail>LETAILLEUR.Gertrude@hotmail.com</mail>
  <nom>LETAILLEUR</nom>
  <prenom>Gertrude</prenom>
  <telephone>+32357749349328</telephone>
</patient>


<patient>
  <NISS>99918286264</NISS>
  <date_de_naissance>06/04/2005</date_de_naissance>
  <genre>4</genre>
  <inami_medecin>108875494924</inami_medecin>
  <inami_pharmacien>530969951265</inami_pharmacien>
  <mail>E.HEUZE@ulb.be</mail>
  <nom>HEUZE</nom>
  <prenom>Edmonde</prenom>
  <telephone>None</telephone>
</patient>


<patient>
  <NISS>627585816533</NISS>
  <date_de_naissance>05/31/1976</date_de_naissance>
  <genre>5</genre>
  <inami_medecin>471483701751</inami_medecin>
  <inami_pharmacien>703927574683</inami_pharmacien>
  <mail>GRANCHER.Hinde@live.be</mail>
  <nom>GRANCHER</nom>
  <prenom>Hinde</prenom>
  <telephone>None</telephone>
</patient>


<patient>
  <NISS>26172723396</NISS>
  <date_de_naissance>09/16/1999</date_de_naissance>
  <genre>4</genre>
  <inami_medecin>792122251615</inami_medecin>
  <inami_pharmacien>968952328206</inami_pharmacien>
  <mail>ETIENNE.Claude@hotmail.com</mail>
  <nom>ETIENNE</nom>
  <prenom>Claude</prenom>
  <telephone>None</telephone>
</patient>


<patient>
  <NISS>148454279897</NISS>
  <date_de_naissance>04/12/1964</date_de_naissance>
  <genre>1</genre>
  <inami_medecin>448548859763</inami_medecin>
  <inami_pharmacien>949320451322</inami_pharmacien>
  <mail>J.CAUVIN@hotmail.be</mail>
  <nom>CAUVIN</nom>
  <prenom>Jean-denis</prenom>
  <telephone>None</telephone>
</patient>


<patient>
  <NISS>654955227380</NISS>
  <date_de_naissance>03/13/1970</date_de_naissance>
  <genre>4</genre>
  <inami_medecin>448548859763</inami_medecin>
  <inami_pharmacien>87661659910</inami_pharmacien>
  <mail>Tancrede.BREDEL@live.be</mail>
  <nom>BREDEL</nom>
  <prenom>Tancrede</prenom>
  <telephone>None</telephone>
</patient>


<patient>
  <NISS>301104888404</NISS>
  <date_de_naissance>07/13/1921</date_de_naissance>
  <genre>1</genre>
  <inami_medecin>548790244051</inami_medecin>
  <inami_pharmacien>903723209015</inami_pharmacien>
  <mail>Adele.RIOULT@outlook.com</mail>
  <nom>RIOULT</nom>
  <prenom>Adele</prenom>
  <telephone>None</telephone>
</patient>


<patient>
  <NISS>203700733840</NISS>
  <date_de_naissance>07/24/1973</date_de_naissance>
  <genre>0</genre>
  <inami_medecin>719361786232</inami_medecin>
  <inami_pharmacien>676688226304</inami_pharmacien>
  <mail>M.FREMONT@live.fr</mail>
  <nom>FREMONT</nom>
  <prenom>Madeline</prenom>
  <telephone>None</telephone>
</patient>


<patient>
  <NISS>71761694575</NISS>
  <date_de_naissance>09/01/2020</date_de_naissance>
  <genre>1</genre>
  <inami_medecin>987916642855</inami_medecin>
  <inami_pharmacien>237700864466</inami_pharmacien>
  <mail>None</mail>
  <nom>LECANU</nom>
  <prenom>N'deye</prenom>
  <telephone>None</telephone>
</patient>


<patient>
  <NISS>476338558250</NISS>
  <date_de_naissance>06/14/2013</date_de_naissance>
  <genre>3</genre>
  <inami_medecin>979270483353</inami_medecin>
  <inami_pharmacien>714194836024</inami_pharmacien>
  <mail>BANCE.Nader@hotmail.com</mail>
  <nom>BANCE</nom>
  <prenom>Nader</prenom>
  <telephone>None</telephone>
</patient>


<patient>
  <NISS>366918514257</NISS>
  <date_de_naissance>10/09/2017</date_de_naissance>
  <genre>0</genre>
  <inami_medecin>374227189439</inami_medecin>
  <inami_pharmacien>190355923201</inami_pharmacien>
  <mail>D.BREARD@hotmail.be</mail>
  <nom>BREARD</nom>
  <prenom>Delia</prenom>
  <telephone>None</telephone>
</patient>


<patient>
  <NISS>766038989236</NISS>
  <date_de_naissance>05/05/1999</date_de_naissance>
  <genre>4</genre>
  <inami_medecin>448026041773</inami_medecin>
  <inami_pharmacien>643635077556</inami_pharmacien>
  <mail>F.CAPRON@hotmail.be</mail>
  <nom>CAPRON</nom>
  <prenom>Frederik</prenom>
  <telephone>None</telephone>
</patient>


<patient>
  <NISS>687906615565</NISS>
  <date_de_naissance>12/30/1950</date_de_naissance>
  <genre>1</genre>
  <inami_medecin>31444857441</inami_medecin>
  <inami_pharmacien>116344365553</inami_pharmacien>
  <mail>Desiree.OLIVIER@live.fr</mail>
  <nom>OLIVIER</nom>
  <prenom>Desiree</prenom>
  <telephone>+32477299015193</telephone>
</patient>


<patient>
  <NISS>801937559300</NISS>
  <date_de_naissance>04/03/1991</date_de_naissance>
  <genre>5</genre>
  <inami_medecin>495656882223</inami_medecin>
  <inami_pharmacien>81948115821</inami_pharmacien>
  <mail>Edmonde.BEAUFILS@outlook.com</mail>
  <nom>BEAUFILS</nom>
  <prenom>Edmonde</prenom>
  <telephone>None</telephone>
</patient>


<patient>
  <NISS>132116059863</NISS>
  <date_de_naissance>05/11/1987</date_de_naissance>
  <genre>2</genre>
  <inami_medecin>705084069764</inami_medecin>
  <inami_pharmacien>533030075615</inami_pharmacien>
  <mail>Marie-claude.BOCQUET@outlook.com</mail>
  <nom>BOCQUET</nom>
  <prenom>Marie-claude</prenom>
  <telephone>None</telephone>
</patient>


<patient>
  <NISS>534370958677</NISS>
  <date_de_naissance>08/14/1966</date_de_naissance>
  <genre>2</genre>
  <inami_medecin>448548859763</inami_medecin>
  <inami_pharmacien>795916192956</inami_pharmacien>
  <mail>None</mail>
  <nom>GRENIER</nom>
  <prenom>Abdennour</prenom>
  <telephone>+32423299927664</telephone>
</patient>


<patient>
  <NISS>309707752399</NISS>
  <date_de_naissance>07/22/2013</date_de_naissance>
  <genre>2</genre>
  <inami_medecin>6084427742</inami_medecin>
  <inami_pharmacien>190182350500</inami_pharmacien>
  <mail>Menahem-mendel.LEVILLAIN@hotmail.com</mail>
  <nom>LEVILLAIN</nom>
  <prenom>Menahem-mendel</prenom>
  <telephone>+32226523801070</telephone>
</patient>


<patient>
  <NISS>599223743560</NISS>
  <date_de_naissance>08/29/1957</date_de_naissance>
  <genre>5</genre>
  <inami_medecin>191740900969</inami_medecin>
  <inami_pharmacien>54655002612</inami_pharmacien>
  <mail>Eden.LACHEVRE@ulb.be</mail>
  <nom>LACHEVRE</nom>
  <prenom>Eden</prenom>
  <telephone>+32549077775126</telephone>
</patient>


<patient>
  <NISS>326093737558</NISS>
  <date_de_naissance>11/06/1951</date_de_naissance>
  <genre>0</genre>
  <inami_medecin>62061345087</inami_medecin>
  <inami_pharmacien>320546147913</inami_pharmacien>
  <mail>A.FRIBOULET@hotmail.be</mail>
  <nom>FRIBOULET</nom>
  <prenom>Audelia</prenom>
  <telephone>None</telephone>
</patient>


<patient>
  <NISS>934687852590</NISS>
  <date_de_naissance>07/21/2013</date_de_naissance>
  <genre>0</genre>
  <inami_medecin>616911441047</inami_medecin>
  <inami_pharmacien>236464181957</inami_pharmacien>
  <mail>DUFOUR.Claude@live.fr</mail>
  <nom>DUFOUR</nom>
  <prenom>Claude</prenom>
  <telephone>+32773760600059</telephone>
</patient>


<patient>
  <NISS>685693947068</NISS>
  <date_de_naissance>07/20/1936</date_de_naissance>
  <genre>5</genre>
  <inami_medecin>894835871059</inami_medecin>
  <inami_pharmacien>874187305771</inami_pharmacien>
  <mail>None</mail>
  <nom>MALANDAIN</nom>
  <prenom>Dejan</prenom>
  <telephone>None</telephone>
</patient>


<patient>
  <NISS>666845568897</NISS>
  <date_de_naissance>12/25/1964</date_de_naissance>
  <genre>0</genre>
  <inami_medecin>124380727397</inami_medecin>
  <inami_pharmacien>2590864465</inami_pharmacien>
  <mail>Mathilde.DUVAL@ulb.be</mail>
  <nom>DUVAL</nom>
  <prenom>Mathilde</prenom>
  <telephone>+32182247573376</telephone>
</patient>


<patient>
  <NISS>210250097244</NISS>
  <date_de_naissance>05/01/1981</date_de_naissance>
  <genre>4</genre>
  <inami_medecin>184360871802</inami_medecin>
  <inami_pharmacien>876617660526</inami_pharmacien>
  <mail>Dejan.OLIVIER@live.be</mail>
  <nom>OLIVIER</nom>
  <prenom>Dejan</prenom>
  <telephone>+32112136880628</telephone>
</patient>


<patient>
  <NISS>445974476739</NISS>
  <date_de_naissance>09/13/1999</date_de_naissance>
  <genre>5</genre>
  <inami_medecin>613615284746</inami_medecin>
  <inami_pharmacien>54655002612</inami_pharmacien>
  <mail>Frederique.CARON@outlook.com</mail>
  <nom>CARON</nom>
  <prenom>Frederique</prenom>
  <telephone>None</telephone>
</patient>


<patient>
  <NISS>719378252293</NISS>
  <date_de_naissance>04/26/1951</date_de_naissance>
  <genre>1</genre>
  <inami_medecin>118587702167</inami_medecin>
  <inami_pharmacien>86610884650</inami_pharmacien>
  <mail>D.HEUZE@live.be</mail>
  <nom>HEUZE</nom>
  <prenom>Denis</prenom>
  <telephone>None</telephone>
</patient>


<patient>
  <NISS>186892221063</NISS>
  <date_de_naissance>08/26/1946</date_de_naissance>
  <genre>0</genre>
  <inami_medecin>79056308748</inami_medecin>
  <inami_pharmacien>339959247235</inami_pharmacien>
  <mail>A.RIOULT@hotmail.be</mail>
  <nom>RIOULT</nom>
  <prenom>Alexander</prenom>
  <telephone>None</telephone>
</patient>


<patient>
  <NISS>621207884698</NISS>
  <date_de_naissance>05/09/1923</date_de_naissance>
  <genre>3</genre>
  <inami_medecin>330266523243</inami_medecin>
  <inami_pharmacien>550289567520</inami_pharmacien>
  <mail>Abdelhalim.MAILLARD@ulb.be</mail>
  <nom>MAILLARD</nom>
  <prenom>Abdelhalim</prenom>
  <telephone>None</telephone>
</patient>


<patient>
  <NISS>496409255249</NISS>
  <date_de_naissance>06/23/1983</date_de_naissance>
  <genre>5</genre>
  <inami_medecin>764113960350</inami_medecin>
  <inami_pharmacien>828227539900</inami_pharmacien>
  <mail>None</mail>
  <nom>BUREL</nom>
  <prenom>Clyde</prenom>
  <telephone>None</telephone>
</patient>


<patient>
  <NISS>165000932861</NISS>
  <date_de_naissance>03/02/1993</date_de_naissance>
  <genre>3</genre>
  <inami_medecin>124380727397</inami_medecin>
  <inami_pharmacien>549051172271</inami_pharmacien>
  <mail>BARRE.Delphine@live.be</mail>
  <nom>BARRE</nom>
  <prenom>Delphine</prenom>
  <telephone>None</telephone>
</patient>


<patient>
  <NISS>889378221440</NISS>
  <date_de_naissance>08/26/1982</date_de_naissance>
  <genre>2</genre>
  <inami_medecin>665619488099</inami_medecin>
  <inami_pharmacien>149365200637</inami_pharmacien>
  <mail>DESHAYES.Godefroy@hotmail.com</mail>
  <nom>DESHAYES</nom>
  <prenom>Godefroy</prenom>
  <telephone>None</telephone>
</patient>


<patient>
  <NISS>257323445708</NISS>
  <date_de_naissance>11/27/1933</date_de_naissance>
  <genre>1</genre>
  <inami_medecin>524032410205</inami_medecin>
  <inami_pharmacien>190325020227</inami_pharmacien>
  <mail>CORDIER.Dejan@outlook.com</mail>
  <nom>CORDIER</nom>
  <prenom>Dejan</prenom>
  <telephone>None</telephone>
</patient>


<patient>
  <NISS>886715718674</NISS>
  <date_de_naissance>01/07/2003</date_de_naissance>
  <genre>3</genre>
  <inami_medecin>672572470506</inami_medecin>
  <inami_pharmacien>550289567520</inami_pharmacien>
  <mail>Annie-claude.CAUMONT@hotmail.com</mail>
  <nom>CAUMONT</nom>
  <prenom>Annie-claude</prenom>
  <telephone>None</telephone>
</patient>


<patient>
  <NISS>908186802514</NISS>
  <date_de_naissance>12/27/1988</date_de_naissance>
  <genre>0</genre>
  <inami_medecin>208131386655</inami_medecin>
  <inami_pharmacien>970260812896</inami_pharmacien>
  <mail>Mederick.PHILIPPE@hotmail.be</mail>
  <nom>PHILIPPE</nom>
  <prenom>Mederick</prenom>
  <telephone>None</telephone>
</patient>


<patient>
  <NISS>327851227444</NISS>
  <date_de_naissance>11/12/2002</date_de_naissance>
  <genre>5</genre>
  <inami_medecin>813697581221</inami_medecin>
  <inami_pharmacien>800628039125</inami_pharmacien>
  <mail>None</mail>
  <nom>LEMARCHAND</nom>
  <prenom>Derya</prenom>
  <telephone>None</telephone>
</patient>


<patient>
  <NISS>126645593871</NISS>
  <date_de_naissance>02/11/1960</date_de_naissance>
  <genre>2</genre>
  <inami_medecin>836786700139</inami_medecin>
  <inami_pharmacien>412383690415</inami_pharmacien>
  <mail>Abdel.LAVENU@hotmail.be</mail>
  <nom>LAVENU</nom>
  <prenom>Abdel</prenom>
  <telephone>None</telephone>
</patient>


<patient>
  <NISS>549318504536</NISS>
  <date_de_naissance>01/30/1940</date_de_naissance>
  <genre>1</genre>
  <inami_medecin>455103501850</inami_medecin>
  <inami_pharmacien>298462905839</inami_pharmacien>
  <mail>None</mail>
  <nom>ROULAND</nom>
  <prenom>Raymonde</prenom>
  <telephone>None</telephone>
</patient>


<patient>
  <NISS>261376042141</NISS>
  <date_de_naissance>10/26/2001</date_de_naissance>
  <genre>1</genre>
  <inami_medecin>84939254372</inami_medecin>
  <inami_pharmacien>526534691848</inami_pharmacien>
  <mail>PICARD.Abderahmane@ulb.be</mail>
  <nom>PICARD</nom>
  <prenom>Abderahmane</prenom>
  <telephone>None</telephone>
</patient>


<patient>
  <NISS>275098893501</NISS>
  <date_de_naissance>08/19/1928</date_de_naissance>
  <genre>4</genre>
  <inami_medecin>69979380845</inami_medecin>
  <inami_pharmacien>4002240609</inami_pharmacien>
  <mail>Madeleine.LEMERCIER@outlook.com</mail>
  <nom>LEMERCIER</nom>
  <prenom>Madeleine</prenom>
  <telephone>None</telephone>
</patient>


<patient>
  <NISS>890053137519</NISS>
  <date_de_naissance>11/11/1966</date_de_naissance>
  <genre>5</genre>
  <inami_medecin>372994839118</inami_medecin>
  <inami_pharmacien>314987000437</inami_pharmacien>
  <mail>HERVIEU.Frederic@outlook.com</mail>
  <nom>HERVIEU</nom>
  <prenom>Frederic</prenom>
  <telephone>None</telephone>
</patient>


<patient>
  <NISS>919909545958</NISS>
  <date_de_naissance>10/19/2005</date_de_naissance>
  <genre>1</genre>
  <inami_medecin>992180529166</inami_medecin>
  <inami_pharmacien>2590864465</inami_pharmacien>
  <mail>C.COUSIN@hotmail.com</mail>
  <nom>COUSIN</nom>
  <prenom>Claude</prenom>
  <telephone>None</telephone>
</patient>


<patient>
  <NISS>50981271998</NISS>
  <date_de_naissance>02/12/1933</date_de_naissance>
  <genre>2</genre>
  <inami_medecin>611351830938</inami_medecin>
  <inami_pharmacien>740093864755</inami_pharmacien>
  <mail>DESJARDINS.Adeline@live.fr</mail>
  <nom>DESJARDINS</nom>
  <prenom>Adeline</prenom>
  <telephone>None</telephone>
</patient>


<patient>
  <NISS>797155507281</NISS>
  <date_de_naissance>11/03/1990</date_de_naissance>
  <genre>4</genre>
  <inami_medecin>976048960664</inami_medecin>
  <inami_pharmacien>577529633304</inami_pharmacien>
  <mail>Y.LESEIGNEUR@live.be</mail>
  <nom>LESEIGNEUR</nom>
  <prenom>Yolande</prenom>
  <telephone>None</telephone>
</patient>


<patient>
  <NISS>52004634013</NISS>
  <date_de_naissance>05/08/1947</date_de_naissance>
  <genre>2</genre>
  <inami_medecin>881956980720</inami_medecin>
  <inami_pharmacien>955028192613</inami_pharmacien>
  <mail>None</mail>
  <nom>GRUEL</nom>
  <prenom>Dewi</prenom>
  <telephone>None</telephone>
</patient>


<patient>
  <NISS>364073564170</NISS>
  <date_de_naissance>11/16/2003</date_de_naissance>
  <genre>1</genre>
  <inami_medecin>330266523243</inami_medecin>
  <inami_pharmacien>600960895887</inami_pharmacien>
  <mail>None</mail>
  <nom>BENOIST</nom>
  <prenom>Denis</prenom>
  <telephone>None</telephone>
</patient>


<patient>
  <NISS>208226185236</NISS>
  <date_de_naissance>05/08/1956</date_de_naissance>
  <genre>5</genre>
  <inami_medecin>373337694008</inami_medecin>
  <inami_pharmacien>126033917704</inami_pharmacien>
  <mail>None</mail>
  <nom>JEANNE</nom>
  <prenom>Claudette</prenom>
  <telephone>None</telephone>
</patient>


<patient>
  <NISS>755738904358</NISS>
  <date_de_naissance>06/09/1931</date_de_naissance>
  <genre>0</genre>
  <inami_medecin>627442429591</inami_medecin>
  <inami_pharmacien>188047831266</inami_pharmacien>
  <mail>A.BARRE@ulb.be</mail>
  <nom>BARRE</nom>
  <prenom>Adelyne</prenom>
  <telephone>+32330509646700</telephone>
</patient>


<patient>
  <NISS>715539261132</NISS>
  <date_de_naissance>02/09/1980</date_de_naissance>
  <genre>4</genre>
  <inami_medecin>345608037934</inami_medecin>
  <inami_pharmacien>296885904830</inami_pharmacien>
  <mail>FOLLIOT.Delia@hotmail.be</mail>
  <nom>FOLLIOT</nom>
  <prenom>Delia</prenom>
  <telephone>None</telephone>
</patient>


<patient>
  <NISS>912364252955</NISS>
  <date_de_naissance>02/17/2005</date_de_naissance>
  <genre>0</genre>
  <inami_medecin>744727391040</inami_medecin>
  <inami_pharmacien>864551363647</inami_pharmacien>
  <mail>HAUGUEL.Madeleine@live.be</mail>
  <nom>HAUGUEL</nom>
  <prenom>Madeleine</prenom>
  <telephone>None</telephone>
</patient>


<patient>
  <NISS>236499401015</NISS>
  <date_de_naissance>11/28/2003</date_de_naissance>
  <genre>4</genre>
  <inami_medecin>744727391040</inami_medecin>
  <inami_pharmacien>799701809948</inami_pharmacien>
  <mail>None</mail>
  <nom>BOULARD</nom>
  <prenom>Adelyne</prenom>
  <telephone>None</telephone>
</patient>


<patient>
  <NISS>450034475217</NISS>
  <date_de_naissance>02/06/1948</date_de_naissance>
  <genre>5</genre>
  <inami_medecin>842864082607</inami_medecin>
  <inami_pharmacien>25918729207</inami_pharmacien>
  <mail>CAUCHOIS.Bafode@hotmail.be</mail>
  <nom>CAUCHOIS</nom>
  <prenom>Bafode</prenom>
  <telephone>None</telephone>
</patient>


<patient>
  <NISS>535189220047</NISS>
  <date_de_naissance>03/28/2000</date_de_naissance>
  <genre>5</genre>
  <inami_medecin>375462405027</inami_medecin>
  <inami_pharmacien>211792820366</inami_pharmacien>
  <mail>BANCE.Elfriede@live.be</mail>
  <nom>BANCE</nom>
  <prenom>Elfriede</prenom>
  <telephone>None</telephone>
</patient>


<patient>
  <NISS>194893454195</NISS>
  <date_de_naissance>12/13/1927</date_de_naissance>
  <genre>1</genre>
  <inami_medecin>364780447812</inami_medecin>
  <inami_pharmacien>595530078429</inami_pharmacien>
  <mail>SOREL.Mercedes@ulb.be</mail>
  <nom>SOREL</nom>
  <prenom>Mercedes</prenom>
  <telephone>None</telephone>
</patient>


<patient>
  <NISS>22070165045</NISS>
  <date_de_naissance>12/17/1936</date_de_naissance>
  <genre>4</genre>
  <inami_medecin>382517821914</inami_medecin>
  <inami_pharmacien>817552118441</inami_pharmacien>
  <mail>None</mail>
  <nom>LECOMTE</nom>
  <prenom>Dejan</prenom>
  <telephone>+32501734377341</telephone>
</patient>


<patient>
  <NISS>622813542377</NISS>
  <date_de_naissance>06/18/1952</date_de_naissance>
  <genre>5</genre>
  <inami_medecin>904362019031</inami_medecin>
  <inami_pharmacien>392734715013</inami_pharmacien>
  <mail>BERANGER.Helder@ulb.be</mail>
  <nom>BERANGER</nom>
  <prenom>Helder</prenom>
  <telephone>None</telephone>
</patient>


<patient>
  <NISS>133276338665</NISS>
  <date_de_naissance>07/21/2009</date_de_naissance>
  <genre>2</genre>
  <inami_medecin>187231989128</inami_medecin>
  <inami_pharmacien>87661659910</inami_pharmacien>
  <mail>DUMESNIL.Alexander@live.be</mail>
  <nom>DUMESNIL</nom>
  <prenom>Alexander</prenom>
  <telephone>None</telephone>
</patient>


<patient>
  <NISS>216717240231</NISS>
  <date_de_naissance>08/12/1931</date_de_naissance>
  <genre>0</genre>
  <inami_medecin>893440270632</inami_medecin>
  <inami_pharmacien>190182350500</inami_pharmacien>
  <mail>Nicodeme.PETIT@hotmail.be</mail>
  <nom>PETIT</nom>
  <prenom>Nicodeme</prenom>
  <telephone>+32341293862309</telephone>
</patient>


<patient>
  <NISS>601960077345</NISS>
  <date_de_naissance>04/21/2010</date_de_naissance>
  <genre>5</genre>
  <inami_medecin>831243339647</inami_medecin>
  <inami_pharmacien>453589556568</inami_pharmacien>
  <mail>LEVILLAIN.Abderahmane@live.be</mail>
  <nom>LEVILLAIN</nom>
  <prenom>Abderahmane</prenom>
  <telephone>None</telephone>
</patient>


<patient>
  <NISS>771843399026</NISS>
  <date_de_naissance>10/24/1968</date_de_naissance>
  <genre>1</genre>
  <inami_medecin>854591964841</inami_medecin>
  <inami_pharmacien>606805240736</inami_pharmacien>
  <mail>None</mail>
  <nom>BAILLEUL</nom>
  <prenom>Maude</prenom>
  <telephone>None</telephone>
</patient>


<patient>
  <NISS>64143720356</NISS>
  <date_de_naissance>08/23/2022</date_de_naissance>
  <genre>3</genre>
  <inami_medecin>135747643279</inami_medecin>
  <inami_pharmacien>349076965116</inami_pharmacien>
  <mail>None</mail>
  <nom>BELLET</nom>
  <prenom>Raymonde</prenom>
  <telephone>+32803825540500</telephone>
</patient>


<patient>
  <NISS>759191536941</NISS>
  <date_de_naissance>07/21/1985</date_de_naissance>
  <genre>0</genre>
  <inami_medecin>678854561233</inami_medecin>
  <inami_pharmacien>561153866477</inami_pharmacien>
  <mail>D.DUJARDIN@outlook.com</mail>
  <nom>DUJARDIN</nom>
  <prenom>Denys</prenom>
  <telephone>+32158005287709</telephone>
</patient>


<patient>
  <NISS>979226265247</NISS>
  <date_de_naissance>11/20/1965</date_de_naissance>
  <genre>0</genre>
  <inami_medecin>899291903941</inami_medecin>
  <inami_pharmacien>637538595630</inami_pharmacien>
  <mail>PORET.Menahem-mendel@outlook.com</mail>
  <nom>PORET</nom>
  <prenom>Menahem-mendel</prenom>
  <telephone>+32867465080218</telephone>
</patient>


<patient>
  <NISS>593627396725</NISS>
  <date_de_naissance>06/14/1979</date_de_naissance>
  <genre>5</genre>
  <inami_medecin>154853156743</inami_medecin>
  <inami_pharmacien>211792820366</inami_pharmacien>
  <mail>None</mail>
  <nom>CHAPELLE</nom>
  <prenom>Odelia</prenom>
  <telephone>None</telephone>
</patient>


<patient>
  <NISS>561833946032</NISS>
  <date_de_naissance>06/24/1962</date_de_naissance>
  <genre>1</genre>
  <inami_medecin>564639629741</inami_medecin>
  <inami_pharmacien>514192463583</inami_pharmacien>
  <mail>None</mail>
  <nom>DENIS</nom>
  <prenom>Adem</prenom>
  <telephone>None</telephone>
</patient>


<patient>
  <NISS>449977172510</NISS>
  <date_de_naissance>01/22/1992</date_de_naissance>
  <genre>2</genre>
  <inami_medecin>314915603278</inami_medecin>
  <inami_pharmacien>872957269224</inami_pharmacien>
  <mail>Rolande.DUBOSC@ulb.be</mail>
  <nom>DUBOSC</nom>
  <prenom>Rolande</prenom>
  <telephone>+32405684996248</telephone>
</patient>


<patient>
  <NISS>32599011064</NISS>
  <date_de_naissance>03/04/1920</date_de_naissance>
  <genre>4</genre>
  <inami_medecin>519422440276</inami_medecin>
  <inami_pharmacien>196111208320</inami_pharmacien>
  <mail>None</mail>
  <nom>BAILLEUL</nom>
  <prenom>Marie-aude</prenom>
  <telephone>None</telephone>
</patient>


<patient>
  <NISS>949628769111</NISS>
  <date_de_naissance>09/03/1991</date_de_naissance>
  <genre>4</genre>
  <inami_medecin>428567962428</inami_medecin>
  <inami_pharmacien>71104553048</inami_pharmacien>
  <mail>DAVID.Denys@outlook.com</mail>
  <nom>DAVID</nom>
  <prenom>Denys</prenom>
  <telephone>None</telephone>
</patient>


<patient>
  <NISS>77105980107</NISS>
  <date_de_naissance>06/08/1967</date_de_naissance>
  <genre>4</genre>
  <inami_medecin>330578492076</inami_medecin>
  <inami_pharmacien>949320451322</inami_pharmacien>
  <mail>None</mail>
  <nom>LEGRAS</nom>
  <prenom>Claude</prenom>
  <telephone>None</telephone>
</patient>


<patient>
  <NISS>594697897535</NISS>
  <date_de_naissance>10/07/1956</date_de_naissance>
  <genre>4</genre>
  <inami_medecin>987916642855</inami_medecin>
  <inami_pharmacien>338378247493</inami_pharmacien>
  <mail>None</mail>
  <nom>BRUMENT</nom>
  <prenom>Prudence</prenom>
  <telephone>+32166279212901</telephone>
</patient>


<patient>
  <NISS>552412488030</NISS>
  <date_de_naissance>05/07/1923</date_de_naissance>
  <genre>5</genre>
  <inami_medecin>90036898981</inami_medecin>
  <inami_pharmacien>480809020916</inami_pharmacien>
  <mail>None</mail>
  <nom>LEROY</nom>
  <prenom>Rosemondz</prenom>
  <telephone>None</telephone>
</patient>


<patient>
  <NISS>111008806837</NISS>
  <date_de_naissance>04/29/1950</date_de_naissance>
  <genre>3</genre>
  <inami_medecin>364780447812</inami_medecin>
  <inami_pharmacien>25918729207</inami_pharmacien>
  <mail>None</mail>
  <nom>LEBLOND</nom>
  <prenom>Demys</prenom>
  <telephone>None</telephone>
</patient>


<patient>
  <NISS>354768444291</NISS>
  <date_de_naissance>03/03/1992</date_de_naissance>
  <genre>3</genre>
  <inami_medecin>181861372934</inami_medecin>
  <inami_pharmacien>90627628981</inami_pharmacien>
  <mail>None</mail>
  <nom>MARC</nom>
  <prenom>Melisande</prenom>
  <telephone>None</telephone>
</patient>


<patient>
  <NISS>282962218682</NISS>
  <date_de_naissance>06/29/1956</date_de_naissance>
  <genre>3</genre>
  <inami_medecin>34662622115</inami_medecin>
  <inami_pharmacien>955028192613</inami_pharmacien>
  <mail>None</mail>
  <nom>PREVOST</nom>
  <prenom>Dejan</prenom>
  <telephone>None</telephone>
</patient>


<patient>
  <NISS>740814348286</NISS>
  <date_de_naissance>01/03/1941</date_de_naissance>
  <genre>0</genre>
  <inami_medecin>922795567353</inami_medecin>
  <inami_pharmacien>530969951265</inami_pharmacien>
  <mail>Amedee.DEMAREST@hotmail.be</mail>
  <nom>DEMAREST</nom>
  <prenom>Amedee</prenom>
  <telephone>None</telephone>
</patient>


<patient>
  <NISS>248055305416</NISS>
  <date_de_naissance>12/20/2006</date_de_naissance>
  <genre>5</genre>
  <inami_medecin>132104953913</inami_medecin>
  <inami_pharmacien>511996186319</inami_pharmacien>
  <mail>None</mail>
  <nom>PORET</nom>
  <prenom>Federico</prenom>
  <telephone>None</telephone>
</patient>


<patient>
  <NISS>254788522455</NISS>
  <date_de_naissance>07/18/2013</date_de_naissance>
  <genre>2</genre>
  <inami_medecin>821028996447</inami_medecin>
  <inami_pharmacien>819016335077</inami_pharmacien>
  <mail>None</mail>
  <nom>LECOINTRE</nom>
  <prenom>Demet</prenom>
  <telephone>+32281131649328</telephone>
</patient>


<patient>
  <NISS>632917469361</NISS>
  <date_de_naissance>11/03/1987</date_de_naissance>
  <genre>5</genre>
  <inami_medecin>809271706293</inami_medecin>
  <inami_pharmacien>97112961296</inami_pharmacien>
  <mail>Tancrede.JOLY@hotmail.be</mail>
  <nom>JOLY</nom>
  <prenom>Tancrede</prenom>
  <telephone>+32454019055497</telephone>
</patient>


<patient>
  <NISS>788978914852</NISS>
  <date_de_naissance>01/28/2004</date_de_naissance>
  <genre>4</genre>
  <inami_medecin>873628823867</inami_medecin>
  <inami_pharmacien>275722110964</inami_pharmacien>
  <mail>None</mail>
  <nom>CLEMENT</nom>
  <prenom>Bernadette</prenom>
  <telephone>None</telephone>
</patient>


<patient>
  <NISS>563835300727</NISS>
  <date_de_naissance>11/20/2013</date_de_naissance>
  <genre>4</genre>
  <inami_medecin>132104953913</inami_medecin>
  <inami_pharmacien>595530078429</inami_pharmacien>
  <mail>None</mail>
  <nom>DELAUNAY</nom>
  <prenom>Abdelhalim</prenom>
  <telephone>None</telephone>
</patient>


<patient>
  <NISS>85004962079</NISS>
  <date_de_naissance>11/16/1962</date_de_naissance>
  <genre>5</genre>
  <inami_medecin>722751405411</inami_medecin>
  <inami_pharmacien>71104553048</inami_pharmacien>
  <mail>None</mail>
  <nom>ROUSSEL</nom>
  <prenom>Abderrahim</prenom>
  <telephone>+32429916736308</telephone>
</patient>


<patient>
  <NISS>882191627652</NISS>
  <date_de_naissance>08/09/1970</date_de_naissance>
  <genre>2</genre>
  <inami_medecin>777365724232</inami_medecin>
  <inami_pharmacien>533030075615</inami_pharmacien>
  <mail>D.JAMET@hotmail.com</mail>
  <nom>JAMET</nom>
  <prenom>Deborah</prenom>
  <telephone>None</telephone>
</patient>


<patient>
  <NISS>620706847902</NISS>
  <date_de_naissance>02/14/1921</date_de_naissance>
  <genre>5</genre>
  <inami_medecin>128746129053</inami_medecin>
  <inami_pharmacien>225290915696</inami_pharmacien>
  <mail>None</mail>
  <nom>RICHARD</nom>
  <prenom>Madeleine</prenom>
  <telephone>None</telephone>
</patient>


<patient>
  <NISS>530715134293</NISS>
  <date_de_naissance>04/25/2011</date_de_naissance>
  <genre>5</genre>
  <inami_medecin>820371725971</inami_medecin>
  <inami_pharmacien>718707341777</inami_pharmacien>
  <mail>None</mail>
  <nom>DELAUNAY</nom>
  <prenom>Nicodeme</prenom>
  <telephone>None</telephone>
</patient>


<patient>
  <NISS>552492238155</NISS>
  <date_de_naissance>02/28/2012</date_de_naissance>
  <genre>0</genre>
  <inami_medecin>375462405027</inami_medecin>
  <inami_pharmacien>876617660526</inami_pharmacien>
  <mail>None</mail>
  <nom>DUPONT</nom>
  <prenom>Scheherazade</prenom>
  <telephone>None</telephone>
</patient>


<patient>
  <NISS>447974722762</NISS>
  <date_de_naissance>03/18/1951</date_de_naissance>
  <genre>3</genre>
  <inami_medecin>914798616333</inami_medecin>
  <inami_pharmacien>945427022339</inami_pharmacien>
  <mail>Delphine.BOULANGER@hotmail.be</mail>
  <nom>BOULANGER</nom>
  <prenom>Delphine</prenom>
  <telephone>None</telephone>
</patient>


<patient>
  <NISS>455229809333</NISS>
  <date_de_naissance>01/20/2013</date_de_naissance>
  <genre>5</genre>
  <inami_medecin>342625089196</inami_medecin>
  <inami_pharmacien>448813853206</inami_pharmacien>
  <mail>None</mail>
  <nom>GOUBERT</nom>
  <prenom>Nicodeme</prenom>
  <telephone>None</telephone>
</patient>


<patient>
  <NISS>899193657934</NISS>
  <date_de_naissance>03/15/1924</date_de_naissance>
  <genre>2</genre>
  <inami_medecin>448026041773</inami_medecin>
  <inami_pharmacien>693040867493</inami_pharmacien>
  <mail>O.CHANDELIER@outlook.com</mail>
  <nom>CHANDELIER</nom>
  <prenom>Odette</prenom>
  <telephone>None</telephone>
</patient>


<patient>
  <NISS>553686678292</NISS>
  <date_de_naissance>11/22/1959</date_de_naissance>
  <genre>3</genre>
  <inami_medecin>842864082607</inami_medecin>
  <inami_pharmacien>170438390732</inami_pharmacien>
  <mail>Adelaide.PARIS@outlook.com</mail>
  <nom>PARIS</nom>
  <prenom>Adelaide</prenom>
  <telephone>+32234954965584</telephone>
</patient>


<patient>
  <NISS>158104616055</NISS>
  <date_de_naissance>09/18/2016</date_de_naissance>
  <genre>5</genre>
  <inami_medecin>154853156743</inami_medecin>
  <inami_pharmacien>103619031754</inami_pharmacien>
  <mail>Rolande.AUGER@hotmail.be</mail>
  <nom>AUGER</nom>
  <prenom>Rolande</prenom>
  <telephone>None</telephone>
</patient>


<patient>
  <NISS>334722676799</NISS>
  <date_de_naissance>08/30/1982</date_de_naissance>
  <genre>4</genre>
  <inami_medecin>391774212661</inami_medecin>
  <inami_pharmacien>225725432432</inami_pharmacien>
  <mail>None</mail>
  <nom>FOURNIER</nom>
  <prenom>Mathilde</prenom>
  <telephone>None</telephone>
</patient>


<patient>
  <NISS>400817946409</NISS>
  <date_de_naissance>12/17/1969</date_de_naissance>
  <genre>2</genre>
  <inami_medecin>84939254372</inami_medecin>
  <inami_pharmacien>144413457345</inami_pharmacien>
  <mail>None</mail>
  <nom>BUISSON</nom>
  <prenom>Abdel</prenom>
  <telephone>None</telephone>
</patient>


<patient>
  <NISS>941093860723</NISS>
  <date_de_naissance>04/25/1993</date_de_naissance>
  <genre>2</genre>
  <inami_medecin>922795567353</inami_medecin>
  <inami_pharmacien>275722110964</inami_pharmacien>
  <mail>E.LEFEBVRE@live.fr</mail>
  <nom>LEFEBVRE</nom>
  <prenom>Eudes</prenom>
  <telephone>+32465339852513</telephone>
</patient>


<patient>
  <NISS>186051465050</NISS>
  <date_de_naissance>07/14/1963</date_de_naissance>
  <genre>3</genre>
  <inami_medecin>715135463210</inami_medecin>
  <inami_pharmacien>433235414632</inami_pharmacien>
  <mail>None</mail>
  <nom>LECONTE</nom>
  <prenom>Demys</prenom>
  <telephone>None</telephone>
</patient>


<patient>
  <NISS>570612316161</NISS>
  <date_de_naissance>10/06/1984</date_de_naissance>
  <genre>4</genre>
  <inami_medecin>294475822023</inami_medecin>
  <inami_pharmacien>611204471453</inami_pharmacien>
  <mail>A.CAUCHOIS@ulb.be</mail>
  <nom>CAUCHOIS</nom>
  <prenom>Aude</prenom>
  <telephone>+32272978809590</telephone>
</patient>


<patient>
  <NISS>510579179932</NISS>
  <date_de_naissance>12/29/2022</date_de_naissance>
  <genre>0</genre>
  <inami_medecin>625021452140</inami_medecin>
  <inami_pharmacien>153665418321</inami_pharmacien>
  <mail>None</mail>
  <nom>PICARD</nom>
  <prenom>Helder</prenom>
  <telephone>None</telephone>
</patient>


<patient>
  <NISS>7134029410</NISS>
  <date_de_naissance>04/01/1928</date_de_naissance>
  <genre>4</genre>
  <inami_medecin>857455948934</inami_medecin>
  <inami_pharmacien>291447327833</inami_pharmacien>
  <mail>None</mail>
  <nom>CORDIER</nom>
  <prenom>Marie-bernadette</prenom>
  <telephone>+32451253926312</telephone>
</patient>


<patient>
  <NISS>699490561346</NISS>
  <date_de_naissance>12/29/1920</date_de_naissance>
  <genre>2</genre>
  <inami_medecin>705084069764</inami_medecin>
  <inami_pharmacien>817552118441</inami_pharmacien>
  <mail>None</mail>
  <nom>BUISSON</nom>
  <prenom>Federico</prenom>
  <telephone>None</telephone>
</patient>


<patient>
  <NISS>346760094371</NISS>
  <date_de_naissance>10/04/1980</date_de_naissance>
  <genre>0</genre>
  <inami_medecin>391774212661</inami_medecin>
  <inami_pharmacien>794095655794</inami_pharmacien>
  <mail>None</mail>
  <nom>CANU</nom>
  <prenom>Debora</prenom>
  <telephone>+32316722727853</telephone>
</patient>


<patient>
  <NISS>675090180638</NISS>
  <date_de_naissance>09/11/2008</date_de_naissance>
  <genre>5</genre>
  <inami_medecin>653826432308</inami_medecin>
  <inami_pharmacien>916295870404</inami_pharmacien>
  <mail>None</mail>
  <nom>PELLERIN</nom>
  <prenom>Abderahmane</prenom>
  <telephone>+32481880622746</telephone>
</patient>


<patient>
  <NISS>875844846384</NISS>
  <date_de_naissance>01/11/1976</date_de_naissance>
  <genre>5</genre>
  <inami_medecin>570327067778</inami_medecin>
  <inami_pharmacien>446155957903</inami_pharmacien>
  <mail>Delphine.LANGLOIS@outlook.com</mail>
  <nom>LANGLOIS</nom>
  <prenom>Delphine</prenom>
  <telephone>None</telephone>
</patient>


<patient>
  <NISS>949510253260</NISS>
  <date_de_naissance>04/03/1971</date_de_naissance>
  <genre>5</genre>
  <inami_medecin>495656882223</inami_medecin>
  <inami_pharmacien>853038478052</inami_pharmacien>
  <mail>None</mail>
  <nom>LECROQ</nom>
  <prenom>Fadel</prenom>
  <telephone>+32702922151359</telephone>
</patient>


<patient>
  <NISS>568472876047</NISS>
  <date_de_naissance>05/02/1973</date_de_naissance>
  <genre>0</genre>
  <inami_medecin>764113960350</inami_medecin>
  <inami_pharmacien>108708281011</inami_pharmacien>
  <mail>Denys.PIMONT@ulb.be</mail>
  <nom>PIMONT</nom>
  <prenom>Denys</prenom>
  <telephone>None</telephone>
</patient>


<patient>
  <NISS>599489956104</NISS>
  <date_de_naissance>02/21/1941</date_de_naissance>
  <genre>5</genre>
  <inami_medecin>522355645293</inami_medecin>
  <inami_pharmacien>170405314090</inami_pharmacien>
  <mail>Rosemondz.MALANDAIN@ulb.be</mail>
  <nom>MALANDAIN</nom>
  <prenom>Rosemondz</prenom>
  <telephone>+32931937202755</telephone>
</patient>


<patient>
  <NISS>212188174997</NISS>
  <date_de_naissance>01/06/2009</date_de_naissance>
  <genre>0</genre>
  <inami_medecin>69979380845</inami_medecin>
  <inami_pharmacien>893006859724</inami_pharmacien>
  <mail>None</mail>
  <nom>DUCLOS</nom>
  <prenom>Adelyne</prenom>
  <telephone>+32999803994775</telephone>
</patient>


<patient>
  <NISS>141326118086</NISS>
  <date_de_naissance>01/30/1933</date_de_naissance>
  <genre>3</genre>
  <inami_medecin>627442429591</inami_medecin>
  <inami_pharmacien>499947416926</inami_pharmacien>
  <mail>None</mail>
  <nom>DUMONTIER</nom>
  <prenom>Federico</prenom>
  <telephone>None</telephone>
</patient>


<patient>
  <NISS>132302550585</NISS>
  <date_de_naissance>05/21/1935</date_de_naissance>
  <genre>0</genre>
  <inami_medecin>519422440276</inami_medecin>
  <inami_pharmacien>206396449532</inami_pharmacien>
  <mail>Adelie.LEVASSEUR@hotmail.com</mail>
  <nom>LEVASSEUR</nom>
  <prenom>Adelie</prenom>
  <telephone>None</telephone>
</patient>


<patient>
  <NISS>804909722809</NISS>
  <date_de_naissance>08/26/1956</date_de_naissance>
  <genre>4</genre>
  <inami_medecin>678854561233</inami_medecin>
  <inami_pharmacien>170438390732</inami_pharmacien>
  <mail>N'deye.DURAND@outlook.com</mail>
  <nom>DURAND</nom>
  <prenom>N'deye</prenom>
  <telephone>None</telephone>
</patient>


<patient>
  <NISS>706340873233</NISS>
  <date_de_naissance>03/28/1985</date_de_naissance>
  <genre>5</genre>
  <inami_medecin>674270076784</inami_medecin>
  <inami_pharmacien>80156206744</inami_pharmacien>
  <mail>None</mail>
  <nom>CADINOT</nom>
  <prenom>Odeline</prenom>
  <telephone>None</telephone>
</patient>


<patient>
  <NISS>34826758469</NISS>
  <date_de_naissance>01/13/2016</date_de_naissance>
  <genre>4</genre>
  <inami_medecin>420605238261</inami_medecin>
  <inami_pharmacien>993671120117</inami_pharmacien>
  <mail>None</mail>
  <nom>LECLERC</nom>
  <prenom>Melissande</prenom>
  <telephone>+32666906802614</telephone>
</patient>


<patient>
  <NISS>451433716819</NISS>
  <date_de_naissance>05/01/1944</date_de_naissance>
  <genre>0</genre>
  <inami_medecin>291285655394</inami_medecin>
  <inami_pharmacien>637538595630</inami_pharmacien>
  <mail>None</mail>
  <nom>FOSSE</nom>
  <prenom>Mederick</prenom>
  <telephone>None</telephone>
</patient>


<patient>
  <NISS>428083656534</NISS>
  <date_de_naissance>06/02/1941</date_de_naissance>
  <genre>5</genre>
  <inami_medecin>44133993198</inami_medecin>
  <inami_pharmacien>474814337424</inami_pharmacien>
  <mail>None</mail>
  <nom>VIEL</nom>
  <prenom>Helder</prenom>
  <telephone>None</telephone>
</patient>


<patient>
  <NISS>185583976696</NISS>
  <date_de_naissance>10/03/1957</date_de_naissance>
  <genre>5</genre>
  <inami_medecin>124380727397</inami_medecin>
  <inami_pharmacien>806751992071</inami_pharmacien>
  <mail>DELAMARE.Sheherazade@hotmail.be</mail>
  <nom>DELAMARE</nom>
  <prenom>Sheherazade</prenom>
  <telephone>None</telephone>
</patient>


<patient>
  <NISS>224154534730</NISS>
  <date_de_naissance>04/07/1933</date_de_naissance>
  <genre>1</genre>
  <inami_medecin>393302858347</inami_medecin>
  <inami_pharmacien>714194836024</inami_pharmacien>
  <mail>None</mail>
  <nom>PREVOST</nom>
  <prenom>Prudence</prenom>
  <telephone>None</telephone>
</patient>


<patient>
  <NISS>500215375017</NISS>
  <date_de_naissance>06/04/1962</date_de_naissance>
  <genre>2</genre>
  <inami_medecin>803569821767</inami_medecin>
  <inami_pharmacien>737011051825</inami_pharmacien>
  <mail>LEMERCIER.Abdennour@live.fr</mail>
  <nom>LEMERCIER</nom>
  <prenom>Abdennour</prenom>
  <telephone>None</telephone>
</patient>


<patient>
  <NISS>412764690496</NISS>
  <date_de_naissance>02/26/1980</date_de_naissance>
  <genre>0</genre>
  <inami_medecin>597650791217</inami_medecin>
  <inami_pharmacien>740093864755</inami_pharmacien>
  <mail>Eudes.DESCHAMPS@ulb.be</mail>
  <nom>DESCHAMPS</nom>
  <prenom>Eudes</prenom>
  <telephone>None</telephone>
</patient>


<patient>
  <NISS>63611568761</NISS>
  <date_de_naissance>07/23/1958</date_de_naissance>
  <genre>3</genre>
  <inami_medecin>519422440276</inami_medecin>
  <inami_pharmacien>775407344830</inami_pharmacien>
  <mail>None</mail>
  <nom>BOIVIN</nom>
  <prenom>Fode</prenom>
  <telephone>None</telephone>
</patient>


<patient>
  <NISS>446100240407</NISS>
  <date_de_naissance>05/08/1921</date_de_naissance>
  <genre>4</genre>
  <inami_medecin>291285655394</inami_medecin>
  <inami_pharmacien>893006859724</inami_pharmacien>
  <mail>DUFOUR.Fernande@outlook.com</mail>
  <nom>DUFOUR</nom>
  <prenom>Fernande</prenom>
  <telephone>+32959075066465</telephone>
</patient>


<patient>
  <NISS>875700530079</NISS>
  <date_de_naissance>05/26/1998</date_de_naissance>
  <genre>4</genre>
  <inami_medecin>590254333017</inami_medecin>
  <inami_pharmacien>947320143264</inami_pharmacien>
  <mail>DELAMARE.Marie-aude@live.fr</mail>
  <nom>DELAMARE</nom>
  <prenom>Marie-aude</prenom>
  <telephone>None</telephone>
</patient>


<patient>
  <NISS>621477388281</NISS>
  <date_de_naissance>05/16/1952</date_de_naissance>
  <genre>4</genre>
  <inami_medecin>495656882223</inami_medecin>
  <inami_pharmacien>784573080719</inami_pharmacien>
  <mail>Alexander.LEGER@ulb.be</mail>
  <nom>LEGER</nom>
  <prenom>Alexander</prenom>
  <telephone>+32934965907218</telephone>
</patient>


<patient>
  <NISS>658170927644</NISS>
  <date_de_naissance>04/19/1938</date_de_naissance>
  <genre>1</genre>
  <inami_medecin>992180529166</inami_medecin>
  <inami_pharmacien>104433036609</inami_pharmacien>
  <mail>D.DESHAYES@live.be</mail>
  <nom>DESHAYES</nom>
  <prenom>Demys</prenom>
  <telephone>None</telephone>
</patient>


<patient>
  <NISS>206818139112</NISS>
  <date_de_naissance>01/10/1937</date_de_naissance>
  <genre>2</genre>
  <inami_medecin>556615855355</inami_medecin>
  <inami_pharmacien>637538595630</inami_pharmacien>
  <mail>None</mail>
  <nom>LOUVEL</nom>
  <prenom>Frederic</prenom>
  <telephone>None</telephone>
</patient>


<patient>
  <NISS>667389534285</NISS>
  <date_de_naissance>04/05/1969</date_de_naissance>
  <genre>5</genre>
  <inami_medecin>247595697354</inami_medecin>
  <inami_pharmacien>383503237168</inami_pharmacien>
  <mail>None</mail>
  <nom>ANQUETIL</nom>
  <prenom>Frederique</prenom>
  <telephone>+32356621365547</telephone>
</patient>


<patient>
  <NISS>925877541633</NISS>
  <date_de_naissance>12/08/1999</date_de_naissance>
  <genre>4</genre>
  <inami_medecin>233366296957</inami_medecin>
  <inami_pharmacien>190182350500</inami_pharmacien>
  <mail>None</mail>
  <nom>DUFOUR</nom>
  <prenom>Elfriede</prenom>
  <telephone>+32724488227001</telephone>
</patient>


<patient>
  <NISS>121781475784</NISS>
  <date_de_naissance>05/16/2018</date_de_naissance>
  <genre>1</genre>
  <inami_medecin>851282315820</inami_medecin>
  <inami_pharmacien>582345399548</inami_pharmacien>
  <mail>M.LENORMAND@live.be</mail>
  <nom>LENORMAND</nom>
  <prenom>Mederic</prenom>
  <telephone>None</telephone>
</patient>


<patient>
  <NISS>117662689324</NISS>
  <date_de_naissance>01/05/2019</date_de_naissance>
  <genre>5</genre>
  <inami_medecin>470650054865</inami_medecin>
  <inami_pharmacien>188047831266</inami_pharmacien>
  <mail>A.PELLETIER@ulb.be</mail>
  <nom>PELLETIER</nom>
  <prenom>Adelyne</prenom>
  <telephone>+32672185421438</telephone>
</patient>


<patient>
  <NISS>988016662187</NISS>
  <date_de_naissance>11/11/1941</date_de_naissance>
  <genre>1</genre>
  <inami_medecin>356343965047</inami_medecin>
  <inami_pharmacien>597114645675</inami_pharmacien>
  <mail>FERET.Adeline@hotmail.be</mail>
  <nom>FERET</nom>
  <prenom>Adeline</prenom>
  <telephone>+32121811008539</telephone>
</patient>


<patient>
  <NISS>174382232854</NISS>
  <date_de_naissance>03/02/1932</date_de_naissance>
  <genre>1</genre>
  <inami_medecin>69979380845</inami_medecin>
  <inami_pharmacien>263214195431</inami_pharmacien>
  <mail>Scheherazade.MARY@ulb.be</mail>
  <nom>MARY</nom>
  <prenom>Scheherazade</prenom>
  <telephone>None</telephone>
</patient>


<patient>
  <NISS>509773427988</NISS>
  <date_de_naissance>11/12/2019</date_de_naissance>
  <genre>2</genre>
  <inami_medecin>506588946916</inami_medecin>
  <inami_pharmacien>864551363647</inami_pharmacien>
  <mail>F.FORTIN@outlook.com</mail>
  <nom>FORTIN</nom>
  <prenom>Frederick</prenom>
  <telephone>None</telephone>
</patient>


<patient>
  <NISS>292789479931</NISS>
  <date_de_naissance>10/13/1995</date_de_naissance>
  <genre>0</genre>
  <inami_medecin>217643234271</inami_medecin>
  <inami_pharmacien>943909328706</inami_pharmacien>
  <mail>Jade.LECOMTE@hotmail.be</mail>
  <nom>LECOMTE</nom>
  <prenom>Jade</prenom>
  <telephone>None</telephone>
</patient>


<patient>
  <NISS>517490380368</NISS>
  <date_de_naissance>02/13/1987</date_de_naissance>
  <genre>5</genre>
  <inami_medecin>923330323668</inami_medecin>
  <inami_pharmacien>196346749928</inami_pharmacien>
  <mail>None</mail>
  <nom>DELESTRE</nom>
  <prenom>Adem</prenom>
  <telephone>None</telephone>
</patient>


<patient>
  <NISS>15298416075</NISS>
  <date_de_naissance>03/26/1928</date_de_naissance>
  <genre>5</genre>
  <inami_medecin>777365724232</inami_medecin>
  <inami_pharmacien>423780095512</inami_pharmacien>
  <mail>HAREL.Odette@hotmail.com</mail>
  <nom>HAREL</nom>
  <prenom>Odette</prenom>
  <telephone>None</telephone>
</patient>


<patient>
  <NISS>882291811572</NISS>
  <date_de_naissance>02/28/2014</date_de_naissance>
  <genre>2</genre>
  <inami_medecin>613615284746</inami_medecin>
  <inami_pharmacien>67763296133</inami_pharmacien>
  <mail>G.PELLERIN@ulb.be</mail>
  <nom>PELLERIN</nom>
  <prenom>Godefroy</prenom>
  <telephone>+32972513296688</telephone>
</patient>


<patient>
  <NISS>84725203900</NISS>
  <date_de_naissance>06/27/1990</date_de_naissance>
  <genre>2</genre>
  <inami_medecin>478127291131</inami_medecin>
  <inami_pharmacien>327109524209</inami_pharmacien>
  <mail>Marie-claude.LEBRUN@outlook.com</mail>
  <nom>LEBRUN</nom>
  <prenom>Marie-claude</prenom>
  <telephone>None</telephone>
</patient>


<patient>
  <NISS>289113872774</NISS>
  <date_de_naissance>12/28/1959</date_de_naissance>
  <genre>0</genre>
  <inami_medecin>511014192920</inami_medecin>
  <inami_pharmacien>149365200637</inami_pharmacien>
  <mail>Mederick.DUTOT@ulb.be</mail>
  <nom>DUTOT</nom>
  <prenom>Mederick</prenom>
  <telephone>None</telephone>
</patient>


<patient>
  <NISS>441539920337</NISS>
  <date_de_naissance>01/17/1926</date_de_naissance>
  <genre>1</genre>
  <inami_medecin>611792149551</inami_medecin>
  <inami_pharmacien>1762578168</inami_pharmacien>
  <mail>SELLIER.Fadel@hotmail.com</mail>
  <nom>SELLIER</nom>
  <prenom>Fadel</prenom>
  <telephone>None</telephone>
</patient>


<patient>
  <NISS>56092291350</NISS>
  <date_de_naissance>07/23/2014</date_de_naissance>
  <genre>0</genre>
  <inami_medecin>20204362881</inami_medecin>
  <inami_pharmacien>108708281011</inami_pharmacien>
  <mail>Claude.GOSSE@hotmail.com</mail>
  <nom>GOSSE</nom>
  <prenom>Claude</prenom>
  <telephone>None</telephone>
</patient>


<patient>
  <NISS>319786415249</NISS>
  <date_de_naissance>08/08/1984</date_de_naissance>
  <genre>1</genre>
  <inami_medecin>925514651423</inami_medecin>
  <inami_pharmacien>412845352618</inami_pharmacien>
  <mail>None</mail>
  <nom>LEVASSEUR</nom>
  <prenom>Abderrahim</prenom>
  <telephone>None</telephone>
</patient>


<patient>
  <NISS>949106262552</NISS>
  <date_de_naissance>06/13/1985</date_de_naissance>
  <genre>4</genre>
  <inami_medecin>635338131347</inami_medecin>
  <inami_pharmacien>71104553048</inami_pharmacien>
  <mail>None</mail>
  <nom>LEMAIRE</nom>
  <prenom>Annie-claude</prenom>
  <telephone>None</telephone>
</patient>


<patient>
  <NISS>225673097055</NISS>
  <date_de_naissance>12/17/1987</date_de_naissance>
  <genre>2</genre>
  <inami_medecin>935013146247</inami_medecin>
  <inami_pharmacien>88635241758</inami_pharmacien>
  <mail>None</mail>
  <nom>DUJARDIN</nom>
  <prenom>Mercedes</prenom>
  <telephone>+32940081091636</telephone>
</patient>


<patient>
  <NISS>953904096045</NISS>
  <date_de_naissance>12/13/1930</date_de_naissance>
  <genre>0</genre>
  <inami_medecin>909229356219</inami_medecin>
  <inami_pharmacien>904085228997</inami_pharmacien>
  <mail>None</mail>
  <nom>LEGENDRE</nom>
  <prenom>Melisande</prenom>
  <telephone>None</telephone>
</patient>


<patient>
  <NISS>388506028327</NISS>
  <date_de_naissance>02/24/2022</date_de_naissance>
  <genre>0</genre>
  <inami_medecin>6084427742</inami_medecin>
  <inami_pharmacien>346878859878</inami_pharmacien>
  <mail>R.CAUMONT@hotmail.com</mail>
  <nom>CAUMONT</nom>
  <prenom>Rosemondz</prenom>
  <telephone>None</telephone>
</patient>


<patient>
  <NISS>535201942809</NISS>
  <date_de_naissance>05/19/2020</date_de_naissance>
  <genre>2</genre>
  <inami_medecin>435173536728</inami_medecin>
  <inami_pharmacien>474814337424</inami_pharmacien>
  <mail>JAMET.Madeline@hotmail.be</mail>
  <nom>JAMET</nom>
  <prenom>Madeline</prenom>
  <telephone>+32606663781372</telephone>
</patient>


<patient>
  <NISS>229318037527</NISS>
  <date_de_naissance>07/26/1959</date_de_naissance>
  <genre>3</genre>
  <inami_medecin>154853156743</inami_medecin>
  <inami_pharmacien>225725432432</inami_pharmacien>
  <mail>Sheherazade.MALLET@live.be</mail>
  <nom>MALLET</nom>
  <prenom>Sheherazade</prenom>
  <telephone>None</telephone>
</patient>


<patient>
  <NISS>193760475929</NISS>
  <date_de_naissance>02/12/2001</date_de_naissance>
  <genre>0</genre>
  <inami_medecin>868928069574</inami_medecin>
  <inami_pharmacien>453999580848</inami_pharmacien>
  <mail>Eden.CARON@ulb.be</mail>
  <nom>CARON</nom>
  <prenom>Eden</prenom>
  <telephone>+32257461317310</telephone>
</patient>


<patient>
  <NISS>742301996915</NISS>
  <date_de_naissance>09/01/1961</date_de_naissance>
  <genre>3</genre>
  <inami_medecin>435173536728</inami_medecin>
  <inami_pharmacien>933812995526</inami_pharmacien>
  <mail>None</mail>
  <nom>BREARD</nom>
  <prenom>Clotilde</prenom>
  <telephone>None</telephone>
</patient>


<patient>
  <NISS>394456949671</NISS>
  <date_de_naissance>05/27/1921</date_de_naissance>
  <genre>1</genre>
  <inami_medecin>297578058480</inami_medecin>
  <inami_pharmacien>773355257439</inami_pharmacien>
  <mail>Mederic.DEHAIS@live.fr</mail>
  <nom>DEHAIS</nom>
  <prenom>Mederic</prenom>
  <telephone>+32907877268817</telephone>
</patient>


<patient>
  <NISS>218681751735</NISS>
  <date_de_naissance>07/30/1943</date_de_naissance>
  <genre>2</genre>
  <inami_medecin>761120751368</inami_medecin>
  <inami_pharmacien>483777547219</inami_pharmacien>
  <mail>C.DUMONTIER@live.be</mail>
  <nom>DUMONTIER</nom>
  <prenom>Claude</prenom>
  <telephone>None</telephone>
</patient>


<patient>
  <NISS>132140384305</NISS>
  <date_de_naissance>08/09/2011</date_de_naissance>
  <genre>4</genre>
  <inami_medecin>372994839118</inami_medecin>
  <inami_pharmacien>624505790681</inami_pharmacien>
  <mail>None</mail>
  <nom>GODARD</nom>
  <prenom>Adem</prenom>
  <telephone>None</telephone>
</patient>


<patient>
  <NISS>123290161703</NISS>
  <date_de_naissance>11/01/1973</date_de_naissance>
  <genre>4</genre>
  <inami_medecin>764113960350</inami_medecin>
  <inami_pharmacien>584647012581</inami_pharmacien>
  <mail>N'deye.CORNU@hotmail.be</mail>
  <nom>CORNU</nom>
  <prenom>N'deye</prenom>
  <telephone>+32384421391164</telephone>
</patient>


<patient>
  <NISS>176230378492</NISS>
  <date_de_naissance>09/02/1987</date_de_naissance>
  <genre>5</genre>
  <inami_medecin>682900535898</inami_medecin>
  <inami_pharmacien>190182350500</inami_pharmacien>
  <mail>Edern.MARY@hotmail.com</mail>
  <nom>MARY</nom>
  <prenom>Edern</prenom>
  <telephone>None</telephone>
</patient>


<patient>
  <NISS>647085656940</NISS>
  <date_de_naissance>07/04/1982</date_de_naissance>
  <genre>4</genre>
  <inami_medecin>136247343016</inami_medecin>
  <inami_pharmacien>692988192418</inami_pharmacien>
  <mail>COLOMBEL.Dewi@live.be</mail>
  <nom>COLOMBEL</nom>
  <prenom>Dewi</prenom>
  <telephone>None</telephone>
</patient>


<patient>
  <NISS>493094188990</NISS>
  <date_de_naissance>09/22/1984</date_de_naissance>
  <genre>3</genre>
  <inami_medecin>108875494924</inami_medecin>
  <inami_pharmacien>151850603685</inami_pharmacien>
  <mail>ARGENTIN.Marie-bernadette@live.fr</mail>
  <nom>ARGENTIN</nom>
  <prenom>Marie-bernadette</prenom>
  <telephone>None</telephone>
</patient>


<patient>
  <NISS>202470016599</NISS>
  <date_de_naissance>02/22/1924</date_de_naissance>
  <genre>4</genre>
  <inami_medecin>922795567353</inami_medecin>
  <inami_pharmacien>633319227389</inami_pharmacien>
  <mail>D.GIFFARD@live.fr</mail>
  <nom>GIFFARD</nom>
  <prenom>Delphine</prenom>
  <telephone>None</telephone>
</patient>


<patient>
  <NISS>603431097327</NISS>
  <date_de_naissance>06/13/1984</date_de_naissance>
  <genre>5</genre>
  <inami_medecin>10859725557</inami_medecin>
  <inami_pharmacien>97112961296</inami_pharmacien>
  <mail>M.LANGLOIS@ulb.be</mail>
  <nom>LANGLOIS</nom>
  <prenom>Maider</prenom>
  <telephone>None</telephone>
</patient>


<patient>
  <NISS>969795053771</NISS>
  <date_de_naissance>04/26/1949</date_de_naissance>
  <genre>3</genre>
  <inami_medecin>922030333065</inami_medecin>
  <inami_pharmacien>263214195431</inami_pharmacien>
  <mail>None</mail>
  <nom>BOIVIN</nom>
  <prenom>Kande</prenom>
  <telephone>None</telephone>
</patient>


<patient>
  <NISS>446937615454</NISS>
  <date_de_naissance>07/03/1957</date_de_naissance>
  <genre>2</genre>
  <inami_medecin>69979380845</inami_medecin>
  <inami_pharmacien>864551363647</inami_pharmacien>
  <mail>None</mail>
  <nom>MABIRE</nom>
  <prenom>Eudes</prenom>
  <telephone>None</telephone>
</patient>


<patient>
  <NISS>101763010945</NISS>
  <date_de_naissance>01/08/1959</date_de_naissance>
  <genre>0</genre>
  <inami_medecin>672572470506</inami_medecin>
  <inami_pharmacien>882576282032</inami_pharmacien>
  <mail>None</mail>
  <nom>BOURDON</nom>
  <prenom>Sondes</prenom>
  <telephone>+32646825253010</telephone>
</patient>


<patient>
  <NISS>393834744538</NISS>
  <date_de_naissance>11/12/2022</date_de_naissance>
  <genre>5</genre>
  <inami_medecin>744727391040</inami_medecin>
  <inami_pharmacien>349076965116</inami_pharmacien>
  <mail>None</mail>
  <nom>RICHARD</nom>
  <prenom>Adeel</prenom>
  <telephone>+32465944814658</telephone>
</patient>


<patient>
  <NISS>786128298977</NISS>
  <date_de_naissance>09/26/2006</date_de_naissance>
  <genre>4</genre>
  <inami_medecin>775942854102</inami_medecin>
  <inami_pharmacien>637538595630</inami_pharmacien>
  <mail>Delphine.LEGENDRE@hotmail.com</mail>
  <nom>LEGENDRE</nom>
  <prenom>Delphine</prenom>
  <telephone>None</telephone>
</patient>


<patient>
  <NISS>715858051454</NISS>
  <date_de_naissance>09/09/2016</date_de_naissance>
  <genre>0</genre>
  <inami_medecin>522355645293</inami_medecin>
  <inami_pharmacien>298462905839</inami_pharmacien>
  <mail>HERVIEUX.Marie-claude@ulb.be</mail>
  <nom>HERVIEUX</nom>
  <prenom>Marie-claude</prenom>
  <telephone>None</telephone>
</patient>


<patient>
  <NISS>747791484226</NISS>
  <date_de_naissance>09/26/1990</date_de_naissance>
  <genre>4</genre>
  <inami_medecin>642238361401</inami_medecin>
  <inami_pharmacien>732535611615</inami_pharmacien>
  <mail>Denise.DELAUNE@ulb.be</mail>
  <nom>DELAUNE</nom>
  <prenom>Denise</prenom>
  <telephone>None</telephone>
</patient>


<patient>
  <NISS>360323171137</NISS>
  <date_de_naissance>09/10/2000</date_de_naissance>
  <genre>3</genre>
  <inami_medecin>904362019031</inami_medecin>
  <inami_pharmacien>980898490483</inami_pharmacien>
  <mail>None</mail>
  <nom>LETAILLEUR</nom>
  <prenom>Edmonde</prenom>
  <telephone>+32340691802808</telephone>
</patient>


<patient>
  <NISS>29402339614</NISS>
  <date_de_naissance>12/07/1983</date_de_naissance>
  <genre>1</genre>
  <inami_medecin>556615855355</inami_medecin>
  <inami_pharmacien>903723209015</inami_pharmacien>
  <mail>BREDEL.Mathilde@hotmail.com</mail>
  <nom>BREDEL</nom>
  <prenom>Mathilde</prenom>
  <telephone>None</telephone>
</patient>


<patient>
  <NISS>284459025547</NISS>
  <date_de_naissance>02/24/1985</date_de_naissance>
  <genre>2</genre>
  <inami_medecin>873628823867</inami_medecin>
  <inami_pharmacien>841458252885</inami_pharmacien>
  <mail>None</mail>
  <nom>RENAULT</nom>
  <prenom>Adelyne</prenom>
  <telephone>None</telephone>
</patient>


<patient>
  <NISS>840195767379</NISS>
  <date_de_naissance>07/31/2000</date_de_naissance>
  <genre>0</genre>
  <inami_medecin>777346132117</inami_medecin>
  <inami_pharmacien>25959248202</inami_pharmacien>
  <mail>Fadela.ALLAIS@ulb.be</mail>
  <nom>ALLAIS</nom>
  <prenom>Fadela</prenom>
  <telephone>None</telephone>
</patient>


<patient>
  <NISS>603639557903</NISS>
  <date_de_naissance>08/29/1962</date_de_naissance>
  <genre>3</genre>
  <inami_medecin>611792149551</inami_medecin>
  <inami_pharmacien>800628039125</inami_pharmacien>
  <mail>None</mail>
  <nom>ADAM</nom>
  <prenom>Audelia</prenom>
  <telephone>+32663428320882</telephone>
</patient>


<patient>
  <NISS>251410667488</NISS>
  <date_de_naissance>11/12/1932</date_de_naissance>
  <genre>4</genre>
  <inami_medecin>345608037934</inami_medecin>
  <inami_pharmacien>633380878862</inami_pharmacien>
  <mail>Rolande.VAUTIER@hotmail.be</mail>
  <nom>VAUTIER</nom>
  <prenom>Rolande</prenom>
  <telephone>+32416212631072</telephone>
</patient>


<patient>
  <NISS>86115378938</NISS>
  <date_de_naissance>06/03/1974</date_de_naissance>
  <genre>5</genre>
  <inami_medecin>269814193431</inami_medecin>
  <inami_pharmacien>693040867493</inami_pharmacien>
  <mail>None</mail>
  <nom>SANSON</nom>
  <prenom>Adelie</prenom>
  <telephone>None</telephone>
</patient>


<patient>
  <NISS>505922533206</NISS>
  <date_de_naissance>11/26/1991</date_de_naissance>
  <genre>4</genre>
  <inami_medecin>471483701751</inami_medecin>
  <inami_pharmacien>943909328706</inami_pharmacien>
  <mail>None</mail>
  <nom>ROULAND</nom>
  <prenom>Marie-aude</prenom>
  <telephone>+32682155263368</telephone>
</patient>


<patient>
  <NISS>464707174113</NISS>
  <date_de_naissance>10/26/2005</date_de_naissance>
  <genre>4</genre>
  <inami_medecin>108875494924</inami_medecin>
  <inami_pharmacien>828762572239</inami_pharmacien>
  <mail>None</mail>
  <nom>CLATOT</nom>
  <prenom>Denis</prenom>
  <telephone>None</telephone>
</patient>


<patient>
  <NISS>581322224868</NISS>
  <date_de_naissance>01/21/1982</date_de_naissance>
  <genre>3</genre>
  <inami_medecin>124380727397</inami_medecin>
  <inami_pharmacien>25651294959</inami_pharmacien>
  <mail>F.GALLAIS@ulb.be</mail>
  <nom>GALLAIS</nom>
  <prenom>Fadel</prenom>
  <telephone>None</telephone>
</patient>


<patient>
  <NISS>129308363108</NISS>
  <date_de_naissance>10/24/1951</date_de_naissance>
  <genre>5</genre>
  <inami_medecin>233366296957</inami_medecin>
  <inami_pharmacien>87661659910</inami_pharmacien>
  <mail>None</mail>
  <nom>DROUET</nom>
  <prenom>Clothilde</prenom>
  <telephone>None</telephone>
</patient>


<patient>
  <NISS>896525033122</NISS>
  <date_de_naissance>02/01/1943</date_de_naissance>
  <genre>1</genre>
  <inami_medecin>962539054354</inami_medecin>
  <inami_pharmacien>681021734325</inami_pharmacien>
  <mail>Denise.GUILBERT@ulb.be</mail>
  <nom>GUILBERT</nom>
  <prenom>Denise</prenom>
  <telephone>+32406041210983</telephone>
</patient>


<patient>
  <NISS>674159548935</NISS>
  <date_de_naissance>06/21/2009</date_de_naissance>
  <genre>0</genre>
  <inami_medecin>744727391040</inami_medecin>
  <inami_pharmacien>473770579713</inami_pharmacien>
  <mail>Fode.TALBOT@live.be</mail>
  <nom>TALBOT</nom>
  <prenom>Fode</prenom>
  <telephone>None</telephone>
</patient>


<patient>
  <NISS>408315671464</NISS>
  <date_de_naissance>10/15/1967</date_de_naissance>
  <genre>2</genre>
  <inami_medecin>128746129053</inami_medecin>
  <inami_pharmacien>533030075615</inami_pharmacien>
  <mail>N.RICHARD@ulb.be</mail>
  <nom>RICHARD</nom>
  <prenom>Nicodeme</prenom>
  <telephone>+32927792821263</telephone>
</patient>


<patient>
  <NISS>935030073565</NISS>
  <date_de_naissance>02/09/1988</date_de_naissance>
  <genre>3</genre>
  <inami_medecin>43481836720</inami_medecin>
  <inami_pharmacien>719234433784</inami_pharmacien>
  <mail>M.MUTEL@ulb.be</mail>
  <nom>MUTEL</nom>
  <prenom>Melissande</prenom>
  <telephone>None</telephone>
</patient>


<patient>
  <NISS>152275281439</NISS>
  <date_de_naissance>01/14/1936</date_de_naissance>
  <genre>2</genre>
  <inami_medecin>439519841453</inami_medecin>
  <inami_pharmacien>339959247235</inami_pharmacien>
  <mail>None</mail>
  <nom>CAVELIER</nom>
  <prenom>Delphine</prenom>
  <telephone>None</telephone>
</patient>


<patient>
  <NISS>949834884796</NISS>
  <date_de_naissance>11/01/1958</date_de_naissance>
  <genre>2</genre>
  <inami_medecin>121309254322</inami_medecin>
  <inami_pharmacien>495392300903</inami_pharmacien>
  <mail>None</mail>
  <nom>FORTIN</nom>
  <prenom>Sondes</prenom>
  <telephone>None</telephone>
</patient>


<patient>
  <NISS>750767223918</NISS>
  <date_de_naissance>09/11/1949</date_de_naissance>
  <genre>2</genre>
  <inami_medecin>775942854102</inami_medecin>
  <inami_pharmacien>791664168991</inami_pharmacien>
  <mail>None</mail>
  <nom>MARTEL</nom>
  <prenom>Eudes</prenom>
  <telephone>None</telephone>
</patient>


<patient>
  <NISS>954978750052</NISS>
  <date_de_naissance>03/04/1984</date_de_naissance>
  <genre>4</genre>
  <inami_medecin>287127216156</inami_medecin>
  <inami_pharmacien>522008324252</inami_pharmacien>
  <mail>None</mail>
  <nom>BENOIST</nom>
  <prenom>Jade</prenom>
  <telephone>None</telephone>
</patient>


<patient>
  <NISS>37897880094</NISS>
  <date_de_naissance>07/10/1934</date_de_naissance>
  <genre>3</genre>
  <inami_medecin>135747643279</inami_medecin>
  <inami_pharmacien>749598080196</inami_pharmacien>
  <mail>None</mail>
  <nom>ANGOT</nom>
  <prenom>Lyderic</prenom>
  <telephone>+32960272950471</telephone>
</patient>


<patient>
  <NISS>786002508458</NISS>
  <date_de_naissance>01/30/1966</date_de_naissance>
  <genre>3</genre>
  <inami_medecin>556615855355</inami_medecin>
  <inami_pharmacien>817552118441</inami_pharmacien>
  <mail>M.DUBUC@ulb.be</mail>
  <nom>DUBUC</nom>
  <prenom>Madeline</prenom>
  <telephone>None</telephone>
</patient>


<patient>
  <NISS>560379096180</NISS>
  <date_de_naissance>02/16/2014</date_de_naissance>
  <genre>1</genre>
  <inami_medecin>10671959917</inami_medecin>
  <inami_pharmacien>819016335077</inami_pharmacien>
  <mail>None</mail>
  <nom>ROGER</nom>
  <prenom>Desire</prenom>
  <telephone>None</telephone>
</patient>


<patient>
  <NISS>122086245698</NISS>
  <date_de_naissance>01/29/1930</date_de_naissance>
  <genre>2</genre>
  <inami_medecin>328554925221</inami_medecin>
  <inami_pharmacien>285826141112</inami_pharmacien>
  <mail>M.GOSSE@hotmail.be</mail>
  <nom>GOSSE</nom>
  <prenom>Mederic</prenom>
  <telephone>None</telephone>
</patient>


<patient>
  <NISS>889906981083</NISS>
  <date_de_naissance>10/21/1997</date_de_naissance>
  <genre>0</genre>
  <inami_medecin>764281699958</inami_medecin>
  <inami_pharmacien>80156206744</inami_pharmacien>
  <mail>None</mail>
  <nom>BRETON</nom>
  <prenom>Debora</prenom>
  <telephone>None</telephone>
</patient>


<patient>
  <NISS>709920075467</NISS>
  <date_de_naissance>02/23/2013</date_de_naissance>
  <genre>0</genre>
  <inami_medecin>550306854124</inami_medecin>
  <inami_pharmacien>453589556568</inami_pharmacien>
  <mail>None</mail>
  <nom>MARTIN</nom>
  <prenom>Hinde</prenom>
  <telephone>None</telephone>
</patient>


<patient>
  <NISS>375854636240</NISS>
  <date_de_naissance>12/21/1945</date_de_naissance>
  <genre>0</genre>
  <inami_medecin>364780447812</inami_medecin>
  <inami_pharmacien>440940770616</inami_pharmacien>
  <mail>None</mail>
  <nom>DELABARRE</nom>
  <prenom>Kader</prenom>
  <telephone>None</telephone>
</patient>


<patient>
  <NISS>888169664728</NISS>
  <date_de_naissance>01/18/1968</date_de_naissance>
  <genre>5</genre>
  <inami_medecin>616911441047</inami_medecin>
  <inami_pharmacien>155797849838</inami_pharmacien>
  <mail>None</mail>
  <nom>PHILIPPE</nom>
  <prenom>Lyderic</prenom>
  <telephone>None</telephone>
</patient>


<patient>
  <NISS>355165398269</NISS>
  <date_de_naissance>09/15/2003</date_de_naissance>
  <genre>2</genre>
  <inami_medecin>977695238476</inami_medecin>
  <inami_pharmacien>893785511743</inami_pharmacien>
  <mail>None</mail>
  <nom>ALLAIS</nom>
  <prenom>Demet</prenom>
  <telephone>+32116309466504</telephone>
</patient>


<patient>
  <NISS>219773663850</NISS>
  <date_de_naissance>01/24/1989</date_de_naissance>
  <genre>0</genre>
  <inami_medecin>519422440276</inami_medecin>
  <inami_pharmacien>71104553048</inami_pharmacien>
  <mail>S.DELAMARE@hotmail.be</mail>
  <nom>DELAMARE</nom>
  <prenom>Skander</prenom>
  <telephone>+32991332970199</telephone>
</patient>


<patient>
  <NISS>108562322469</NISS>
  <date_de_naissance>02/23/1971</date_de_naissance>
  <genre>0</genre>
  <inami_medecin>303699482145</inami_medecin>
  <inami_pharmacien>373777729200</inami_pharmacien>
  <mail>None</mail>
  <nom>MABIRE</nom>
  <prenom>Adeline</prenom>
  <telephone>+32532698772018</telephone>
</patient>


<patient>
  <NISS>682501286858</NISS>
  <date_de_naissance>03/13/2021</date_de_naissance>
  <genre>3</genre>
  <inami_medecin>908054530433</inami_medecin>
  <inami_pharmacien>108708281011</inami_pharmacien>
  <mail>A.SIMON@hotmail.com</mail>
  <nom>SIMON</nom>
  <prenom>Adeline</prenom>
  <telephone>+32920089702216</telephone>
</patient>


<patient>
  <NISS>610905502428</NISS>
  <date_de_naissance>03/09/2011</date_de_naissance>
  <genre>4</genre>
  <inami_medecin>861061902999</inami_medecin>
  <inami_pharmacien>794095655794</inami_pharmacien>
  <mail>GUILBERT.Deniz@hotmail.be</mail>
  <nom>GUILBERT</nom>
  <prenom>Deniz</prenom>
  <telephone>None</telephone>
</patient>


<patient>
  <NISS>763396608075</NISS>
  <date_de_naissance>03/28/2021</date_de_naissance>
  <genre>5</genre>
  <inami_medecin>112207272267</inami_medecin>
  <inami_pharmacien>600960895887</inami_pharmacien>
  <mail>ROSE.Elfriede@live.be</mail>
  <nom>ROSE</nom>
  <prenom>Elfriede</prenom>
  <telephone>+32170303299173</telephone>
</patient>


<patient>
  <NISS>257963978600</NISS>
  <date_de_naissance>10/29/1932</date_de_naissance>
  <genre>1</genre>
  <inami_medecin>861866991701</inami_medecin>
  <inami_pharmacien>108708281011</inami_pharmacien>
  <mail>A.LOISEL@live.be</mail>
  <nom>LOISEL</nom>
  <prenom>Alexander</prenom>
  <telephone>+32447516887892</telephone>
</patient>


<patient>
  <NISS>304006895227</NISS>
  <date_de_naissance>01/30/1942</date_de_naissance>
  <genre>0</genre>
  <inami_medecin>707692967032</inami_medecin>
  <inami_pharmacien>204227851655</inami_pharmacien>
  <mail>None</mail>
  <nom>CHAPELLE</nom>
  <prenom>Odeline</prenom>
  <telephone>None</telephone>
</patient>


<patient>
  <NISS>613742374973</NISS>
  <date_de_naissance>05/02/1933</date_de_naissance>
  <genre>4</genre>
  <inami_medecin>90036898981</inami_medecin>
  <inami_pharmacien>521120091980</inami_pharmacien>
  <mail>None</mail>
  <nom>BUNEL</nom>
  <prenom>Alexander</prenom>
  <telephone>None</telephone>
</patient>


<patient>
  <NISS>534112405886</NISS>
  <date_de_naissance>07/16/2014</date_de_naissance>
  <genre>4</genre>
  <inami_medecin>328738438022</inami_medecin>
  <inami_pharmacien>90627628981</inami_pharmacien>
  <mail>Fadel.DUFILS@live.be</mail>
  <nom>DUFILS</nom>
  <prenom>Fadel</prenom>
  <telephone>None</telephone>
</patient>


<patient>
  <NISS>596501091818</NISS>
  <date_de_naissance>12/31/1952</date_de_naissance>
  <genre>0</genre>
  <inami_medecin>715147088037</inami_medecin>
  <inami_pharmacien>753029201737</inami_pharmacien>
  <mail>AUBE.Desiree@live.be</mail>
  <nom>AUBE</nom>
  <prenom>Desiree</prenom>
  <telephone>None</telephone>
</patient>


<patient>
  <NISS>592981341375</NISS>
  <date_de_naissance>04/12/2000</date_de_naissance>
  <genre>2</genre>
  <inami_medecin>722425791687</inami_medecin>
  <inami_pharmacien>826740022480</inami_pharmacien>
  <mail>None</mail>
  <nom>DUBOIS</nom>
  <prenom>Denis</prenom>
  <telephone>None</telephone>
</patient>


<patient>
  <NISS>358476403615</NISS>
  <date_de_naissance>03/18/1937</date_de_naissance>
  <genre>2</genre>
  <inami_medecin>373337694008</inami_medecin>
  <inami_pharmacien>373698690955</inami_pharmacien>
  <mail>None</mail>
  <nom>ANGOT</nom>
  <prenom>Clotilde</prenom>
  <telephone>+32338684732741</telephone>
</patient>


<patient>
  <NISS>692116180099</NISS>
  <date_de_naissance>12/01/1956</date_de_naissance>
  <genre>2</genre>
  <inami_medecin>763289106024</inami_medecin>
  <inami_pharmacien>346878859878</inami_pharmacien>
  <mail>A.LEMERCIER@live.fr</mail>
  <nom>LEMERCIER</nom>
  <prenom>Abderrahmane</prenom>
  <telephone>None</telephone>
</patient>


<patient>
  <NISS>869266981369</NISS>
  <date_de_naissance>07/18/1993</date_de_naissance>
  <genre>2</genre>
  <inami_medecin>979270483353</inami_medecin>
  <inami_pharmacien>993671120117</inami_pharmacien>
  <mail>Adele.DESHAYES@outlook.com</mail>
  <nom>DESHAYES</nom>
  <prenom>Adele</prenom>
  <telephone>None</telephone>
</patient>


<patient>
  <NISS>830675876421</NISS>
  <date_de_naissance>01/22/1922</date_de_naissance>
  <genre>4</genre>
  <inami_medecin>368764048428</inami_medecin>
  <inami_pharmacien>530969951265</inami_pharmacien>
  <mail>Abdessamad.LAMY@outlook.com</mail>
  <nom>LAMY</nom>
  <prenom>Abdessamad</prenom>
  <telephone>+32564594660499</telephone>
</patient>


<patient>
  <NISS>345003569822</NISS>
  <date_de_naissance>09/02/1976</date_de_naissance>
  <genre>4</genre>
  <inami_medecin>168299837897</inami_medecin>
  <inami_pharmacien>190182350500</inami_pharmacien>
  <mail>None</mail>
  <nom>PAUMIER</nom>
  <prenom>Marie-claude</prenom>
  <telephone>+32360388410584</telephone>
</patient>


<patient>
  <NISS>821858565055</NISS>
  <date_de_naissance>11/30/1933</date_de_naissance>
  <genre>0</genre>
  <inami_medecin>664000680759</inami_medecin>
  <inami_pharmacien>232693105938</inami_pharmacien>
  <mail>BIGOT.Mederic@outlook.com</mail>
  <nom>BIGOT</nom>
  <prenom>Mederic</prenom>
  <telephone>+32592034458457</telephone>
</patient>


<patient>
  <NISS>877452705432</NISS>
  <date_de_naissance>08/13/1941</date_de_naissance>
  <genre>5</genre>
  <inami_medecin>689190871633</inami_medecin>
  <inami_pharmacien>97112961296</inami_pharmacien>
  <mail>Odelia.DENIS@outlook.com</mail>
  <nom>DENIS</nom>
  <prenom>Odelia</prenom>
  <telephone>None</telephone>
</patient>


<patient>
  <NISS>480112863591</NISS>
  <date_de_naissance>12/06/1935</date_de_naissance>
  <genre>3</genre>
  <inami_medecin>929855336339</inami_medecin>
  <inami_pharmacien>373777729200</inami_pharmacien>
  <mail>None</mail>
  <nom>GOUPIL</nom>
  <prenom>Rolande</prenom>
  <telephone>+32357326552295</telephone>
</patient>


<patient>
  <NISS>338017975086</NISS>
  <date_de_naissance>02/22/1983</date_de_naissance>
  <genre>0</genre>
  <inami_medecin>62061345087</inami_medecin>
  <inami_pharmacien>191261723215</inami_pharmacien>
  <mail>M.CARRE@live.fr</mail>
  <nom>CARRE</nom>
  <prenom>Mederic</prenom>
  <telephone>None</telephone>
</patient>


<patient>
  <NISS>439891462795</NISS>
  <date_de_naissance>10/24/1952</date_de_naissance>
  <genre>5</genre>
  <inami_medecin>803569821767</inami_medecin>
  <inami_pharmacien>107756325910</inami_pharmacien>
  <mail>None</mail>
  <nom>BRETON</nom>
  <prenom>Delia</prenom>
  <telephone>None</telephone>
</patient>


<patient>
  <NISS>668137384928</NISS>
  <date_de_naissance>10/07/1931</date_de_naissance>
  <genre>2</genre>
  <inami_medecin>43481836720</inami_medecin>
  <inami_pharmacien>719234433784</inami_pharmacien>
  <mail>Demet.HAUTOT@hotmail.com</mail>
  <nom>HAUTOT</nom>
  <prenom>Demet</prenom>
  <telephone>None</telephone>
</patient>


<patient>
  <NISS>192707100760</NISS>
  <date_de_naissance>07/16/1989</date_de_naissance>
  <genre>3</genre>
  <inami_medecin>719361786232</inami_medecin>
  <inami_pharmacien>968952328206</inami_pharmacien>
  <mail>Menahem-mendel.LEVILLAIN@hotmail.be</mail>
  <nom>LEVILLAIN</nom>
  <prenom>Menahem-mendel</prenom>
  <telephone>None</telephone>
</patient>


<patient>
  <NISS>229839472920</NISS>
  <date_de_naissance>09/23/1965</date_de_naissance>
  <genre>2</genre>
  <inami_medecin>373337694008</inami_medecin>
  <inami_pharmacien>549051172271</inami_pharmacien>
  <mail>P.FRANCOIS@hotmail.be</mail>
  <nom>FRANCOIS</nom>
  <prenom>Prudence</prenom>
  <telephone>+32315032391988</telephone>
</patient>


<patient>
  <NISS>500327685669</NISS>
  <date_de_naissance>06/29/1936</date_de_naissance>
  <genre>1</genre>
  <inami_medecin>448026041773</inami_medecin>
  <inami_pharmacien>916295870404</inami_pharmacien>
  <mail>None</mail>
  <nom>BACHELET</nom>
  <prenom>Odette</prenom>
  <telephone>None</telephone>
</patient>


<patient>
  <NISS>113562513110</NISS>
  <date_de_naissance>09/17/2019</date_de_naissance>
  <genre>0</genre>
  <inami_medecin>655873670670</inami_medecin>
  <inami_pharmacien>232693105938</inami_pharmacien>
  <mail>Mercedes.BENARD@hotmail.be</mail>
  <nom>BENARD</nom>
  <prenom>Mercedes</prenom>
  <telephone>None</telephone>
</patient>


<patient>
  <NISS>445072035981</NISS>
  <date_de_naissance>03/15/1941</date_de_naissance>
  <genre>4</genre>
  <inami_medecin>62061345087</inami_medecin>
  <inami_pharmacien>579137566985</inami_pharmacien>
  <mail>None</mail>
  <nom>FREMONT</nom>
  <prenom>Amedee</prenom>
  <telephone>+32174630390263</telephone>
</patient>


<patient>
  <NISS>327389127378</NISS>
  <date_de_naissance>01/04/2021</date_de_naissance>
  <genre>0</genre>
  <inami_medecin>576640689455</inami_medecin>
  <inami_pharmacien>1762578168</inami_pharmacien>
  <mail>None</mail>
  <nom>SIMON</nom>
  <prenom>Madeleine</prenom>
  <telephone>None</telephone>
</patient>


<patient>
  <NISS>511623495671</NISS>
  <date_de_naissance>11/20/1982</date_de_naissance>
  <genre>0</genre>
  <inami_medecin>764281699958</inami_medecin>
  <inami_pharmacien>170405314090</inami_pharmacien>
  <mail>M.PELTIER@outlook.com</mail>
  <nom>PELTIER</nom>
  <prenom>Marie-madeleine</prenom>
  <telephone>+32750501778604</telephone>
</patient>


<patient>
  <NISS>485402623305</NISS>
  <date_de_naissance>12/17/1954</date_de_naissance>
  <genre>3</genre>
  <inami_medecin>820371725971</inami_medecin>
  <inami_pharmacien>64418437018</inami_pharmacien>
  <mail>BARBIER.Abdennour@hotmail.com</mail>
  <nom>BARBIER</nom>
  <prenom>Abdennour</prenom>
  <telephone>+32227136827242</telephone>
</patient>


<patient>
  <NISS>31609614861</NISS>
  <date_de_naissance>11/28/1982</date_de_naissance>
  <genre>3</genre>
  <inami_medecin>851282315820</inami_medecin>
  <inami_pharmacien>633319227389</inami_pharmacien>
  <mail>A.DELAUNE@hotmail.com</mail>
  <nom>DELAUNE</nom>
  <prenom>Abdessamad</prenom>
  <telephone>+32366025559837</telephone>
</patient>


<patient>
  <NISS>620068464891</NISS>
  <date_de_naissance>09/03/2008</date_de_naissance>
  <genre>3</genre>
  <inami_medecin>359067841159</inami_medecin>
  <inami_pharmacien>577529633304</inami_pharmacien>
  <mail>M.QUIBEL@live.fr</mail>
  <nom>QUIBEL</nom>
  <prenom>Madeleine</prenom>
  <telephone>+32459085303947</telephone>
</patient>


<patient>
  <NISS>588370965802</NISS>
  <date_de_naissance>05/11/1994</date_de_naissance>
  <genre>1</genre>
  <inami_medecin>672144058521</inami_medecin>
  <inami_pharmacien>945427022339</inami_pharmacien>
  <mail>None</mail>
  <nom>BUREL</nom>
  <prenom>Odette</prenom>
  <telephone>+32843533772094</telephone>
</patient>


<patient>
  <NISS>627537312794</NISS>
  <date_de_naissance>08/01/1925</date_de_naissance>
  <genre>0</genre>
  <inami_medecin>72768837276</inami_medecin>
  <inami_pharmacien>749598080196</inami_pharmacien>
  <mail>BLANCHARD.Jean-claude@live.be</mail>
  <nom>BLANCHARD</nom>
  <prenom>Jean-claude</prenom>
  <telephone>None</telephone>
</patient>


<patient>
  <NISS>296009189219</NISS>
  <date_de_naissance>07/21/1992</date_de_naissance>
  <genre>0</genre>
  <inami_medecin>678854561233</inami_medecin>
  <inami_pharmacien>144413457345</inami_pharmacien>
  <mail>GRUEL.Bafode@hotmail.be</mail>
  <nom>GRUEL</nom>
  <prenom>Bafode</prenom>
  <telephone>None</telephone>
</patient>


<patient>
  <NISS>424368472093</NISS>
  <date_de_naissance>07/30/2002</date_de_naissance>
  <genre>5</genre>
  <inami_medecin>957260423023</inami_medecin>
  <inami_pharmacien>788793932023</inami_pharmacien>
  <mail>M.LECONTE@outlook.com</mail>
  <nom>LECONTE</nom>
  <prenom>Modestie</prenom>
  <telephone>None</telephone>
</patient>


<patient>
  <NISS>789418371692</NISS>
  <date_de_naissance>12/01/1937</date_de_naissance>
  <genre>1</genre>
  <inami_medecin>183307754477</inami_medecin>
  <inami_pharmacien>499947416926</inami_pharmacien>
  <mail>None</mail>
  <nom>PARMENTIER</nom>
  <prenom>Annie-claude</prenom>
  <telephone>None</telephone>
</patient>


<patient>
  <NISS>425790615267</NISS>
  <date_de_naissance>03/08/1971</date_de_naissance>
  <genre>0</genre>
  <inami_medecin>584363895321</inami_medecin>
  <inami_pharmacien>737011051825</inami_pharmacien>
  <mail>DAVID.Sherazade@ulb.be</mail>
  <nom>DAVID</nom>
  <prenom>Sherazade</prenom>
  <telephone>None</telephone>
</patient>


<patient>
  <NISS>479083773699</NISS>
  <date_de_naissance>08/23/2016</date_de_naissance>
  <genre>3</genre>
  <inami_medecin>501908044353</inami_medecin>
  <inami_pharmacien>947320143264</inami_pharmacien>
  <mail>None</mail>
  <nom>FERON</nom>
  <prenom>Astride</prenom>
  <telephone>None</telephone>
</patient>


<patient>
  <NISS>476996735394</NISS>
  <date_de_naissance>02/01/1941</date_de_naissance>
  <genre>5</genre>
  <inami_medecin>293373773626</inami_medecin>
  <inami_pharmacien>204808929765</inami_pharmacien>
  <mail>Rosemondz.BRETON@hotmail.be</mail>
  <nom>BRETON</nom>
  <prenom>Rosemondz</prenom>
  <telephone>None</telephone>
</patient>


<patient>
  <NISS>746087528634</NISS>
  <date_de_naissance>05/01/2016</date_de_naissance>
  <genre>3</genre>
  <inami_medecin>664991314059</inami_medecin>
  <inami_pharmacien>681021734325</inami_pharmacien>
  <mail>Scheherazade.MUTEL@hotmail.be</mail>
  <nom>MUTEL</nom>
  <prenom>Scheherazade</prenom>
  <telephone>+3253034226573</telephone>
</patient>


<patient>
  <NISS>781762351213</NISS>
  <date_de_naissance>09/13/1927</date_de_naissance>
  <genre>5</genre>
  <inami_medecin>899291903941</inami_medecin>
  <inami_pharmacien>196346749928</inami_pharmacien>
  <mail>MARICAL.Marie-madeleine@hotmail.com</mail>
  <nom>MARICAL</nom>
  <prenom>Marie-madeleine</prenom>
  <telephone>None</telephone>
</patient>


<patient>
  <NISS>391507707556</NISS>
  <date_de_naissance>04/06/1941</date_de_naissance>
  <genre>1</genre>
  <inami_medecin>958419757511</inami_medecin>
  <inami_pharmacien>6267810530</inami_pharmacien>
  <mail>A.CORNU@hotmail.be</mail>
  <nom>CORNU</nom>
  <prenom>Aristide</prenom>
  <telephone>None</telephone>
</patient>


<patient>
  <NISS>254247092318</NISS>
  <date_de_naissance>04/05/1929</date_de_naissance>
  <genre>4</genre>
  <inami_medecin>149602559860</inami_medecin>
  <inami_pharmacien>933812995526</inami_pharmacien>
  <mail>None</mail>
  <nom>BELLET</nom>
  <prenom>Menahem-mendel</prenom>
  <telephone>+32196389583722</telephone>
</patient>


<patient>
  <NISS>821268362447</NISS>
  <date_de_naissance>12/14/1923</date_de_naissance>
  <genre>0</genre>
  <inami_medecin>524834330953</inami_medecin>
  <inami_pharmacien>412383690415</inami_pharmacien>
  <mail>BUNEL.Abdelhafid@live.fr</mail>
  <nom>BUNEL</nom>
  <prenom>Abdelhafid</prenom>
  <telephone>None</telephone>
</patient>


<patient>
  <NISS>394745809171</NISS>
  <date_de_naissance>12/31/1930</date_de_naissance>
  <genre>2</genre>
  <inami_medecin>181507672167</inami_medecin>
  <inami_pharmacien>853038478052</inami_pharmacien>
  <mail>LEFRANCOIS.Jade@live.be</mail>
  <nom>LEFRANCOIS</nom>
  <prenom>Jade</prenom>
  <telephone>None</telephone>
</patient>


<patient>
  <NISS>139098658772</NISS>
  <date_de_naissance>05/25/2002</date_de_naissance>
  <genre>5</genre>
  <inami_medecin>642238361401</inami_medecin>
  <inami_pharmacien>819016335077</inami_pharmacien>
  <mail>ALEXANDRE.Deniz@hotmail.be</mail>
  <nom>ALEXANDRE</nom>
  <prenom>Deniz</prenom>
  <telephone>+32568703312606</telephone>
</patient>


<patient>
  <NISS>409416745435</NISS>
  <date_de_naissance>10/09/2002</date_de_naissance>
  <genre>2</genre>
  <inami_medecin>743678677111</inami_medecin>
  <inami_pharmacien>181941561780</inami_pharmacien>
  <mail>Audelia.LEMIRE@hotmail.be</mail>
  <nom>LEMIRE</nom>
  <prenom>Audelia</prenom>
  <telephone>None</telephone>
</patient>


<patient>
  <NISS>292512618775</NISS>
  <date_de_naissance>10/08/2015</date_de_naissance>
  <genre>4</genre>
  <inami_medecin>69979380845</inami_medecin>
  <inami_pharmacien>783416028205</inami_pharmacien>
  <mail>None</mail>
  <nom>LEPRETRE</nom>
  <prenom>Adelaide</prenom>
  <telephone>None</telephone>
</patient>


<patient>
  <NISS>283626835545</NISS>
  <date_de_naissance>09/19/1927</date_de_naissance>
  <genre>2</genre>
  <inami_medecin>909229356219</inami_medecin>
  <inami_pharmacien>733907532359</inami_pharmacien>
  <mail>J.PELLETIER@live.fr</mail>
  <nom>PELLETIER</nom>
  <prenom>Jade</prenom>
  <telephone>None</telephone>
</patient>


<patient>
  <NISS>969159787609</NISS>
  <date_de_naissance>03/22/1920</date_de_naissance>
  <genre>1</genre>
  <inami_medecin>347172671525</inami_medecin>
  <inami_pharmacien>514906291867</inami_pharmacien>
  <mail>None</mail>
  <nom>BENARD</nom>
  <prenom>Maude</prenom>
  <telephone>None</telephone>
</patient>


<patient>
  <NISS>288680152126</NISS>
  <date_de_naissance>07/26/1926</date_de_naissance>
  <genre>1</genre>
  <inami_medecin>689190871633</inami_medecin>
  <inami_pharmacien>325922365310</inami_pharmacien>
  <mail>Tancrede.LEMAITRE@outlook.com</mail>
  <nom>LEMAITRE</nom>
  <prenom>Tancrede</prenom>
  <telephone>+32927096766386</telephone>
</patient>


<patient>
  <NISS>324993742122</NISS>
  <date_de_naissance>12/12/1982</date_de_naissance>
  <genre>1</genre>
  <inami_medecin>393148243471</inami_medecin>
  <inami_pharmacien>86610884650</inami_pharmacien>
  <mail>J.BOCQUET@hotmail.be</mail>
  <nom>BOCQUET</nom>
  <prenom>Jean-eudes</prenom>
  <telephone>None</telephone>
</patient>


<patient>
  <NISS>250888916783</NISS>
  <date_de_naissance>12/30/1960</date_de_naissance>
  <genre>5</genre>
  <inami_medecin>132104953913</inami_medecin>
  <inami_pharmacien>815742212325</inami_pharmacien>
  <mail>None</mail>
  <nom>MARCHAND</nom>
  <prenom>Lyderic</prenom>
  <telephone>None</telephone>
</patient>


<patient>
  <NISS>146087468818</NISS>
  <date_de_naissance>12/31/2015</date_de_naissance>
  <genre>2</genre>
  <inami_medecin>576640689455</inami_medecin>
  <inami_pharmacien>792368554760</inami_pharmacien>
  <mail>Madeleine.PASQUIER@hotmail.be</mail>
  <nom>PASQUIER</nom>
  <prenom>Madeleine</prenom>
  <telephone>None</telephone>
</patient>


<patient>
  <NISS>395511409895</NISS>
  <date_de_naissance>11/21/1985</date_de_naissance>
  <genre>1</genre>
  <inami_medecin>319045503354</inami_medecin>
  <inami_pharmacien>932879657259</inami_pharmacien>
  <mail>D.GRANCHER@ulb.be</mail>
  <nom>GRANCHER</nom>
  <prenom>Deborah</prenom>
  <telephone>None</telephone>
</patient>


<patient>
  <NISS>984838583850</NISS>
  <date_de_naissance>05/28/1924</date_de_naissance>
  <genre>0</genre>
  <inami_medecin>774465828876</inami_medecin>
  <inami_pharmacien>284064093368</inami_pharmacien>
  <mail>Armande.CARON@live.be</mail>
  <nom>CARON</nom>
  <prenom>Armande</prenom>
  <telephone>None</telephone>
</patient>


<patient>
  <NISS>619087174102</NISS>
  <date_de_naissance>09/21/2017</date_de_naissance>
  <genre>0</genre>
  <inami_medecin>974467362920</inami_medecin>
  <inami_pharmacien>732535611615</inami_pharmacien>
  <mail>RIOULT.Mederick@hotmail.com</mail>
  <nom>RIOULT</nom>
  <prenom>Mederick</prenom>
  <telephone>None</telephone>
</patient>


<patient>
  <NISS>536992115983</NISS>
  <date_de_naissance>10/11/1980</date_de_naissance>
  <genre>4</genre>
  <inami_medecin>792122251615</inami_medecin>
  <inami_pharmacien>258621787004</inami_pharmacien>
  <mail>None</mail>
  <nom>MALLET</nom>
  <prenom>Denis</prenom>
  <telephone>None</telephone>
</patient>


<patient>
  <NISS>356991114556</NISS>
  <date_de_naissance>07/25/1967</date_de_naissance>
  <genre>3</genre>
  <inami_medecin>524834330953</inami_medecin>
  <inami_pharmacien>67763296133</inami_pharmacien>
  <mail>None</mail>
  <nom>ARGENTIN</nom>
  <prenom>Derya</prenom>
  <telephone>+32135927393527</telephone>
</patient>


<patient>
  <NISS>323878549451</NISS>
  <date_de_naissance>05/25/1987</date_de_naissance>
  <genre>3</genre>
  <inami_medecin>296062204840</inami_medecin>
  <inami_pharmacien>972996161030</inami_pharmacien>
  <mail>Clothilde.LECANU@live.fr</mail>
  <nom>LECANU</nom>
  <prenom>Clothilde</prenom>
  <telephone>+32877094125471</telephone>
</patient>


<patient>
  <NISS>612641475727</NISS>
  <date_de_naissance>06/15/2006</date_de_naissance>
  <genre>2</genre>
  <inami_medecin>958419757511</inami_medecin>
  <inami_pharmacien>549051172271</inami_pharmacien>
  <mail>Kader.SAMSON@ulb.be</mail>
  <nom>SAMSON</nom>
  <prenom>Kader</prenom>
  <telephone>None</telephone>
</patient>


<patient>
  <NISS>990080524657</NISS>
  <date_de_naissance>11/13/1967</date_de_naissance>
  <genre>1</genre>
  <inami_medecin>293373773626</inami_medecin>
  <inami_pharmacien>181941561780</inami_pharmacien>
  <mail>OLIVIER.Armande@ulb.be</mail>
  <nom>OLIVIER</nom>
  <prenom>Armande</prenom>
  <telephone>None</telephone>
</patient>


<patient>
  <NISS>484203774427</NISS>
  <date_de_naissance>03/19/1939</date_de_naissance>
  <genre>0</genre>
  <inami_medecin>653826432308</inami_medecin>
  <inami_pharmacien>933812995526</inami_pharmacien>
  <mail>None</mail>
  <nom>DELAFOSSE</nom>
  <prenom>Chahrazade</prenom>
  <telephone>None</telephone>
</patient>


<patient>
  <NISS>261158386995</NISS>
  <date_de_naissance>02/24/1935</date_de_naissance>
  <genre>0</genre>
  <inami_medecin>10859725557</inami_medecin>
  <inami_pharmacien>1762578168</inami_pharmacien>
  <mail>D.PORET@live.fr</mail>
  <nom>PORET</nom>
  <prenom>Demys</prenom>
  <telephone>None</telephone>
</patient>


<patient>
  <NISS>939727733641</NISS>
  <date_de_naissance>03/15/1951</date_de_naissance>
  <genre>4</genre>
  <inami_medecin>894835871059</inami_medecin>
  <inami_pharmacien>81948115821</inami_pharmacien>
  <mail>Tancrede.BIGOT@hotmail.be</mail>
  <nom>BIGOT</nom>
  <prenom>Tancrede</prenom>
  <telephone>+32643276443668</telephone>
</patient>


<patient>
  <NISS>817754316335</NISS>
  <date_de_naissance>01/05/1920</date_de_naissance>
  <genre>1</genre>
  <inami_medecin>775942854102</inami_medecin>
  <inami_pharmacien>637538595630</inami_pharmacien>
  <mail>None</mail>
  <nom>RENAULT</nom>
  <prenom>Aristide</prenom>
  <telephone>+32124073186311</telephone>
</patient>


<patient>
  <NISS>5344606445</NISS>
  <date_de_naissance>02/14/2015</date_de_naissance>
  <genre>3</genre>
  <inami_medecin>382160746969</inami_medecin>
  <inami_pharmacien>281095929470</inami_pharmacien>
  <mail>MOUQUET.Desire@live.be</mail>
  <nom>MOUQUET</nom>
  <prenom>Desire</prenom>
  <telephone>None</telephone>
</patient>


<patient>
  <NISS>246500888880</NISS>
  <date_de_naissance>01/22/1985</date_de_naissance>
  <genre>1</genre>
  <inami_medecin>524834330953</inami_medecin>
  <inami_pharmacien>291447327833</inami_pharmacien>
  <mail>J.LEROY@live.fr</mail>
  <nom>LEROY</nom>
  <prenom>Jade</prenom>
  <telephone>None</telephone>
</patient>


<patient>
  <NISS>140883816487</NISS>
  <date_de_naissance>05/07/1989</date_de_naissance>
  <genre>3</genre>
  <inami_medecin>232680056220</inami_medecin>
  <inami_pharmacien>384410442786</inami_pharmacien>
  <mail>None</mail>
  <nom>COUTURIER</nom>
  <prenom>Abderahmane</prenom>
  <telephone>+32264356980412</telephone>
</patient>


<patient>
  <NISS>955224688096</NISS>
  <date_de_naissance>05/05/1958</date_de_naissance>
  <genre>2</genre>
  <inami_medecin>868928069574</inami_medecin>
  <inami_pharmacien>533030075615</inami_pharmacien>
  <mail>SENECAL.Abdessamad@hotmail.be</mail>
  <nom>SENECAL</nom>
  <prenom>Abdessamad</prenom>
  <telephone>None</telephone>
</patient>


<patient>
  <NISS>777518933950</NISS>
  <date_de_naissance>09/20/1948</date_de_naissance>
  <genre>3</genre>
  <inami_medecin>328738438022</inami_medecin>
  <inami_pharmacien>353030337661</inami_pharmacien>
  <mail>N.ANDRIEU@hotmail.com</mail>
  <nom>ANDRIEU</nom>
  <prenom>Nadege</prenom>
  <telephone>+32931111104344</telephone>
</patient>


<patient>
  <NISS>380177788452</NISS>
  <date_de_naissance>09/24/1980</date_de_naissance>
  <genre>0</genre>
  <inami_medecin>744727391040</inami_medecin>
  <inami_pharmacien>97112961296</inami_pharmacien>
  <mail>None</mail>
  <nom>MAUGER</nom>
  <prenom>Godefroy</prenom>
  <telephone>+3267533128178</telephone>
</patient>
