
  <pharmacien>
    <inami> 64418437018</inami>
    <mail>CROCHEMORE.Abdel@hotmail.com</mail>
    <nom>CROCHEMORE</nom>
    <tel>+32435993836526</tel>
  </pharmacien>


  <pharmacien>
    <inami>  4002240609</inami>
    <mail>M.BOURDON@live.fr</mail>
    <nom>BOURDON</nom>
    <tel>+32398241263971</tel>
  </pharmacien>


  <pharmacien>
    <inami>190182350500</inami>
    <mail>Gertrude.AVENEL@outlook.com</mail>
    <nom>AVENEL</nom>
    <tel>+32771360897365</tel>
  </pharmacien>


  <pharmacien>
    <inami>633380878862</inami>
    <mail>FRANCOIS.Eudes@outlook.com</mail>
    <nom>FRANCOIS</nom>
    <tel>+32246928147774</tel>
  </pharmacien>


  <pharmacien>
    <inami>719234433784</inami>
    <mail>R.HIS@outlook.com</mail>
    <nom>HIS</nom>
    <tel>+3257900665782</tel>
  </pharmacien>


  <pharmacien>
    <inami>826038260632</inami>
    <mail>Chahrazade.DEHAIS@live.fr</mail>
    <nom>DEHAIS</nom>
    <tel>+32949824107967</tel>
  </pharmacien>


  <pharmacien>
    <inami>116344365553</inami>
    <mail></mail>
    <nom>BONNET</nom>
    <tel>+32364073677429</tel>
  </pharmacien>


  <pharmacien>
    <inami>550289567520</inami>
    <mail></mail>
    <nom>OSMONT</nom>
    <tel>+32574709931716</tel>
  </pharmacien>


  <pharmacien>
    <inami>107756325910</inami>
    <mail></mail>
    <nom>DUBOC</nom>
    <tel>+3286454117033</tel>
  </pharmacien>


  <pharmacien>
    <inami>709533908459</inami>
    <mail>D.HAMEL@ulb.be</mail>
    <nom>HAMEL</nom>
    <tel>+32309680964915</tel>
  </pharmacien>


  <pharmacien>
    <inami>284064093368</inami>
    <mail></mail>
    <nom>THIERRY</nom>
    <tel>+3273596332123</tel>
  </pharmacien>


  <pharmacien>
    <inami>405171430382</inami>
    <mail>Marie-bernadette.NORMAND@hotmail.com</mail>
    <nom>NORMAND</nom>
    <tel>+32687660697537</tel>
  </pharmacien>


  <pharmacien>
    <inami>431806910155</inami>
    <mail>BOULANGER.Adem@ulb.be</mail>
    <nom>BOULANGER</nom>
    <tel>+32968789227597</tel>
  </pharmacien>


  <pharmacien>
    <inami>384410442786</inami>
    <mail>Rosemondz.SANSON@outlook.com</mail>
    <nom>SANSON</nom>
    <tel>+32925353324954</tel>
  </pharmacien>


  <pharmacien>
    <inami>607851773510</inami>
    <mail></mail>
    <nom>BIGOT</nom>
    <tel>+32681907460002</tel>
  </pharmacien>


  <pharmacien>
    <inami>893785511743</inami>
    <mail>D.LEMERCIER@outlook.com</mail>
    <nom>LEMERCIER</nom>
    <tel>+32394291614533</tel>
  </pharmacien>


  <pharmacien>
    <inami>600960895887</inami>
    <mail></mail>
    <nom>GALLAIS</nom>
    <tel>+32408314673406</tel>
  </pharmacien>


  <pharmacien>
    <inami>225290915696</inami>
    <mail>J.FREMONT@outlook.com</mail>
    <nom>FREMONT</nom>
    <tel>+32318072701912</tel>
  </pharmacien>


  <pharmacien>
    <inami> 97112961296</inami>
    <mail></mail>
    <nom>LAURENT</nom>
    <tel>+32892262022315</tel>
  </pharmacien>


  <pharmacien>
    <inami>949320451322</inami>
    <mail></mail>
    <nom>PETIT</nom>
    <tel>+32435724084717</tel>
  </pharmacien>


  <pharmacien>
    <inami> 59848800370</inami>
    <mail>Fode.CORNU@hotmail.com</mail>
    <nom>CORNU</nom>
    <tel>+32799084533669</tel>
  </pharmacien>


  <pharmacien>
    <inami>258621787004</inami>
    <mail>MOTTE.Adele@ulb.be</mail>
    <nom>MOTTE</nom>
    <tel>+32283134112512</tel>
  </pharmacien>


  <pharmacien>
    <inami>373698690955</inami>
    <mail></mail>
    <nom>BARRE</nom>
    <tel>+32919658548348</tel>
  </pharmacien>


  <pharmacien>
    <inami>804228571860</inami>
    <mail>A.GRUEL@hotmail.com</mail>
    <nom>GRUEL</nom>
    <tel>+32544018428287</tel>
  </pharmacien>


  <pharmacien>
    <inami>733907532359</inami>
    <mail>B.LEBRET@hotmail.com</mail>
    <nom>LEBRET</nom>
    <tel>+32672096356840</tel>
  </pharmacien>


  <pharmacien>
    <inami>644064691457</inami>
    <mail></mail>
    <nom>LEVILLAIN</nom>
    <tel>+32572695930679</tel>
  </pharmacien>


  <pharmacien>
    <inami>933812995526</inami>
    <mail>Astride.FRIBOULET@hotmail.be</mail>
    <nom>FRIBOULET</nom>
    <tel>+32659725407529</tel>
  </pharmacien>


  <pharmacien>
    <inami> 71104553048</inami>
    <mail>BOULET.Bafode@outlook.com</mail>
    <nom>BOULET</nom>
    <tel>+32523904446700</tel>
  </pharmacien>


  <pharmacien>
    <inami>819016335077</inami>
    <mail></mail>
    <nom>MOUCHARD</nom>
    <tel>+32515138496293</tel>
  </pharmacien>


  <pharmacien>
    <inami> 86610884650</inami>
    <mail>Mathilde.ROMAIN@live.fr</mail>
    <nom>ROMAIN</nom>
    <tel>+32379861140200</tel>
  </pharmacien>


  <pharmacien>
    <inami>212432996906</inami>
    <mail>QUESNEY.Dewi@live.fr</mail>
    <nom>QUESNEY</nom>
    <tel>+32451922083596</tel>
  </pharmacien>


  <pharmacien>
    <inami>225725432432</inami>
    <mail></mail>
    <nom>ALLAIS</nom>
    <tel>+32258690048971</tel>
  </pharmacien>


  <pharmacien>
    <inami>972996161030</inami>
    <mail>A.LAMY@outlook.com</mail>
    <nom>LAMY</nom>
    <tel>+32194364245512</tel>
  </pharmacien>


  <pharmacien>
    <inami>433235414632</inami>
    <mail></mail>
    <nom>ETIENNE</nom>
    <tel>+32164514664682</tel>
  </pharmacien>


  <pharmacien>
    <inami>108708281011</inami>
    <mail>N.SENECAL@hotmail.be</mail>
    <nom>SENECAL</nom>
    <tel>+32611328882229</tel>
  </pharmacien>


  <pharmacien>
    <inami>799701809948</inami>
    <mail></mail>
    <nom>NICOLAS</nom>
    <tel>+32570469090279</tel>
  </pharmacien>


  <pharmacien>
    <inami> 81948115821</inami>
    <mail>AUGER.Sherazade@outlook.com</mail>
    <nom>AUGER</nom>
    <tel>+32322208068148</tel>
  </pharmacien>


  <pharmacien>
    <inami> 88635241758</inami>
    <mail></mail>
    <nom>PELLETIER</nom>
    <tel>+32257258683787</tel>
  </pharmacien>


  <pharmacien>
    <inami>237700864466</inami>
    <mail></mail>
    <nom>AUBER</nom>
    <tel>+32608304840484</tel>
  </pharmacien>


  <pharmacien>
    <inami>916295870404</inami>
    <mail>Lyderic.BLONDEL@outlook.com</mail>
    <nom>BLONDEL</nom>
    <tel>+32973705484597</tel>
  </pharmacien>


  <pharmacien>
    <inami>324555115215</inami>
    <mail></mail>
    <nom>LECONTE</nom>
    <tel>+32921661850790</tel>
  </pharmacien>


  <pharmacien>
    <inami>791664168991</inami>
    <mail>Adeline.LEMONNIER@ulb.be</mail>
    <nom>LEMONNIER</nom>
    <tel>+32676352266316</tel>
  </pharmacien>


  <pharmacien>
    <inami>211792820366</inami>
    <mail>LEVASSEUR.Desire@live.be</mail>
    <nom>LEVASSEUR</nom>
    <tel>+32975227896766</tel>
  </pharmacien>


  <pharmacien>
    <inami>775407344830</inami>
    <mail>Adelyne.BENOIST@outlook.com</mail>
    <nom>BENOIST</nom>
    <tel>+32853819377911</tel>
  </pharmacien>


  <pharmacien>
    <inami>265039700441</inami>
    <mail>Frederique.COURTOIS@live.fr</mail>
    <nom>COURTOIS</nom>
    <tel>+32772579076375</tel>
  </pharmacien>


  <pharmacien>
    <inami>155797849838</inami>
    <mail>Alexander.LANGLOIS@hotmail.be</mail>
    <nom>LANGLOIS</nom>
    <tel>+32934702226658</tel>
  </pharmacien>


  <pharmacien>
    <inami>980898490483</inami>
    <mail>DENIS.Abderahmane@hotmail.be</mail>
    <nom>DENIS</nom>
    <tel>+327369436116</tel>
  </pharmacien>


  <pharmacien>
    <inami>636873635705</inami>
    <mail>Scheherazade.LAURENT@live.fr</mail>
    <nom>LAURENT</nom>
    <tel>+32175963380808</tel>
  </pharmacien>


  <pharmacien>
    <inami>338378247493</inami>
    <mail>Marie-claude.LECOQ@hotmail.be</mail>
    <nom>LECOQ</nom>
    <tel>+32480460553538</tel>
  </pharmacien>


  <pharmacien>
    <inami>685290008086</inami>
    <mail>Alexander.CHAUVIN@live.fr</mail>
    <nom>CHAUVIN</nom>
    <tel>+32700347695299</tel>
  </pharmacien>


  <pharmacien>
    <inami>275722110964</inami>
    <mail>Helder.DELAHAYE@hotmail.be</mail>
    <nom>DELAHAYE</nom>
    <tel>+32800835632163</tel>
  </pharmacien>


  <pharmacien>
    <inami>170405314090</inami>
    <mail></mail>
    <nom>DUFOUR</nom>
    <tel>+32981487101388</tel>
  </pharmacien>


  <pharmacien>
    <inami>767419623579</inami>
    <mail>CHEVALLIER.Sheherazade@live.fr</mail>
    <nom>CHEVALLIER</nom>
    <tel>+32367093341412</tel>
  </pharmacien>


  <pharmacien>
    <inami>943909328706</inami>
    <mail></mail>
    <nom>LEROY</nom>
    <tel>+32601657896610</tel>
  </pharmacien>


  <pharmacien>
    <inami>453589556568</inami>
    <mail></mail>
    <nom>BONNET</nom>
    <tel>+32156099896750</tel>
  </pharmacien>


  <pharmacien>
    <inami>706768859486</inami>
    <mail></mail>
    <nom>LEMARIE</nom>
    <tel>+32439313562145</tel>
  </pharmacien>


  <pharmacien>
    <inami>402578170239</inami>
    <mail></mail>
    <nom>LEFEBVRE</nom>
    <tel>+32799014427994</tel>
  </pharmacien>


  <pharmacien>
    <inami>268056112978</inami>
    <mail></mail>
    <nom>CLEMENT</nom>
    <tel>+32305711506764</tel>
  </pharmacien>


  <pharmacien>
    <inami>561153866477</inami>
    <mail>M.FRIBOULET@hotmail.com</mail>
    <nom>FRIBOULET</nom>
    <tel>+32201628019987</tel>
  </pharmacien>


  <pharmacien>
    <inami>765251446125</inami>
    <mail>JOUEN.Frederique@ulb.be</mail>
    <nom>JOUEN</nom>
    <tel>+32792841536993</tel>
  </pharmacien>


  <pharmacien>
    <inami>637538595630</inami>
    <mail></mail>
    <nom>QUERTIER</nom>
    <tel>+32239088039582</tel>
  </pharmacien>


  <pharmacien>
    <inami>607722292753</inami>
    <mail></mail>
    <nom>LEMERCIER</nom>
    <tel>+32970173772705</tel>
  </pharmacien>


  <pharmacien>
    <inami>530969951265</inami>
    <mail>PANCHOUT.Denise@live.fr</mail>
    <nom>PANCHOUT</nom>
    <tel>+32580299426794</tel>
  </pharmacien>


  <pharmacien>
    <inami>826740022480</inami>
    <mail>MOREL.Delphine@hotmail.com</mail>
    <nom>MOREL</nom>
    <tel>+32790465962650</tel>
  </pharmacien>


  <pharmacien>
    <inami> 48235644971</inami>
    <mail>M.LECROQ@live.fr</mail>
    <nom>LECROQ</nom>
    <tel>+32117341468345</tel>
  </pharmacien>


  <pharmacien>
    <inami>898776312951</inami>
    <mail>Marie-madeleine.DORE@live.fr</mail>
    <nom>DORE</nom>
    <tel>+3252930665003</tel>
  </pharmacien>


  <pharmacien>
    <inami>667116265802</inami>
    <mail>Mercedes.POTEL@live.be</mail>
    <nom>POTEL</nom>
    <tel>+32504839037137</tel>
  </pharmacien>


  <pharmacien>
    <inami>232805177428</inami>
    <mail></mail>
    <nom>HUBERT</nom>
    <tel>+32674018114939</tel>
  </pharmacien>


  <pharmacien>
    <inami>149365200637</inami>
    <mail>F.LEMESLE@ulb.be</mail>
    <nom>LEMESLE</nom>
    <tel>+32388080110798</tel>
  </pharmacien>


  <pharmacien>
    <inami>280153934708</inami>
    <mail>LESAGE.Abderahmane@live.fr</mail>
    <nom>LESAGE</nom>
    <tel>+32338694839021</tel>
  </pharmacien>


  <pharmacien>
    <inami>144413457345</inami>
    <mail></mail>
    <nom>VAUTIER</nom>
    <tel>+32338477311821</tel>
  </pharmacien>


  <pharmacien>
    <inami>213302312241</inami>
    <mail>D.BACHELET@live.fr</mail>
    <nom>BACHELET</nom>
    <tel>+323065340101</tel>
  </pharmacien>


  <pharmacien>
    <inami>142381096286</inami>
    <mail></mail>
    <nom>CHEVALLIER</nom>
    <tel>+32992124978186</tel>
  </pharmacien>


  <pharmacien>
    <inami>976176585481</inami>
    <mail>Alexander.MABIRE@ulb.be</mail>
    <nom>MABIRE</nom>
    <tel>+3251184856940</tel>
  </pharmacien>


  <pharmacien>
    <inami> 37878730881</inami>
    <mail></mail>
    <nom>MOUCHARD</nom>
    <tel>+32305552373683</tel>
  </pharmacien>


  <pharmacien>
    <inami>412845352618</inami>
    <mail>NEVEU.Deva@outlook.com</mail>
    <nom>NEVEU</nom>
    <tel>+32327319416926</tel>
  </pharmacien>


  <pharmacien>
    <inami>151850603685</inami>
    <mail>DUCLOS.Tancrede@live.fr</mail>
    <nom>DUCLOS</nom>
    <tel>+32554664314995</tel>
  </pharmacien>


  <pharmacien>
    <inami>692988192418</inami>
    <mail>M.HERVIEUX@live.fr</mail>
    <nom>HERVIEUX</nom>
    <tel>+32720190324298</tel>
  </pharmacien>


  <pharmacien>
    <inami>327109524209</inami>
    <mail>A.LECOMTE@live.be</mail>
    <nom>LECOMTE</nom>
    <tel>+32851768996869</tel>
  </pharmacien>


  <pharmacien>
    <inami>153665418321</inami>
    <mail>Dewi.DUFILS@ulb.be</mail>
    <nom>DUFILS</nom>
    <tel>+32898025576010</tel>
  </pharmacien>


  <pharmacien>
    <inami>197803009941</inami>
    <mail>Frederique.PAIN@ulb.be</mail>
    <nom>PAIN</nom>
    <tel>+32240148579875</tel>
  </pharmacien>


  <pharmacien>
    <inami>773355257439</inami>
    <mail>O.DEBRIS@live.fr</mail>
    <nom>DEBRIS</nom>
    <tel>+32485540220041</tel>
  </pharmacien>


  <pharmacien>
    <inami>749598080196</inami>
    <mail></mail>
    <nom>RECHER</nom>
    <tel>+3284258337993</tel>
  </pharmacien>


  <pharmacien>
    <inami>417199448944</inami>
    <mail>HERICHER.Abdessamad@outlook.com</mail>
    <nom>HERICHER</nom>
    <tel>+32882842033426</tel>
  </pharmacien>


  <pharmacien>
    <inami>  1762578168</inami>
    <mail>Melisande.BOUDIN@live.be</mail>
    <nom>BOUDIN</nom>
    <tel>+32347016893678</tel>
  </pharmacien>


  <pharmacien>
    <inami>291447327833</inami>
    <mail></mail>
    <nom>LECLERC</nom>
    <tel>+32334771273019</tel>
  </pharmacien>


  <pharmacien>
    <inami>732535611615</inami>
    <mail>Claudette.CLEMENT@live.be</mail>
    <nom>CLEMENT</nom>
    <tel>+3256000545662</tel>
  </pharmacien>


  <pharmacien>
    <inami>794095655794</inami>
    <mail></mail>
    <nom>HAZARD</nom>
    <tel>+32524883539745</tel>
  </pharmacien>


  <pharmacien>
    <inami>803072306298</inami>
    <mail></mail>
    <nom>LEVASSEUR</nom>
    <tel>+32943314437564</tel>
  </pharmacien>


  <pharmacien>
    <inami> 60139234595</inami>
    <mail></mail>
    <nom>HAREL</nom>
    <tel>+32380263190475</tel>
  </pharmacien>


  <pharmacien>
    <inami>584647012581</inami>
    <mail>FRERET.Claudette@hotmail.be</mail>
    <nom>FRERET</nom>
    <tel>+32297787431295</tel>
  </pharmacien>


  <pharmacien>
    <inami>448943146714</inami>
    <mail>Armande.BARBIER@hotmail.be</mail>
    <nom>BARBIER</nom>
    <tel>+32404576131536</tel>
  </pharmacien>


  <pharmacien>
    <inami> 25959248202</inami>
    <mail>D.CAUVIN@live.be</mail>
    <nom>CAUVIN</nom>
    <tel>+32371315785673</tel>
  </pharmacien>


  <pharmacien>
    <inami>109934288899</inami>
    <mail>F.BREDEL@hotmail.com</mail>
    <nom>BREDEL</nom>
    <tel>+32636109276066</tel>
  </pharmacien>


  <pharmacien>
    <inami>  6267810530</inami>
    <mail>N.EUDE@ulb.be</mail>
    <nom>EUDE</nom>
    <tel>+32259370902032</tel>
  </pharmacien>


  <pharmacien>
    <inami>104433036609</inami>
    <mail>LEJEUNE.Adel@outlook.com</mail>
    <nom>LEJEUNE</nom>
    <tel>+321932231348</tel>
  </pharmacien>


  <pharmacien>
    <inami>968952328206</inami>
    <mail>M.ALLAIN@ulb.be</mail>
    <nom>ALLAIN</nom>
    <tel>+32579014538933</tel>
  </pharmacien>


  <pharmacien>
    <inami> 25651294959</inami>
    <mail></mail>
    <nom>MULOT</nom>
    <tel>+32659071934225</tel>
  </pharmacien>


  <pharmacien>
    <inami>325611168444</inami>
    <mail></mail>
    <nom>AUBOURG</nom>
    <tel>+32407191133935</tel>
  </pharmacien>


  <pharmacien>
    <inami>643635077556</inami>
    <mail>PELTIER.Abderahmane@hotmail.com</mail>
    <nom>PELTIER</nom>
    <tel>+32931680939617</tel>
  </pharmacien>


  <pharmacien>
    <inami>126033917704</inami>
    <mail>Audelia.GIFFARD@ulb.be</mail>
    <nom>GIFFARD</nom>
    <tel>+32549442764011</tel>
  </pharmacien>


  <pharmacien>
    <inami>522008324252</inami>
    <mail>Demys.SIMON@live.fr</mail>
    <nom>SIMON</nom>
    <tel>+32989969623048</tel>
  </pharmacien>


  <pharmacien>
    <inami>568202117595</inami>
    <mail>A.POTEL@outlook.com</mail>
    <nom>POTEL</nom>
    <tel>+32548624775692</tel>
  </pharmacien>


  <pharmacien>
    <inami>181941561780</inami>
    <mail>LOUVET.Marie-aude@hotmail.com</mail>
    <nom>LOUVET</nom>
    <tel>+32458916758223</tel>
  </pharmacien>


  <pharmacien>
    <inami>122944993242</inami>
    <mail></mail>
    <nom>ROUSSEAU</nom>
    <tel>+32958708641997</tel>
  </pharmacien>


  <pharmacien>
    <inami>423780095512</inami>
    <mail></mail>
    <nom>ROUSSEAU</nom>
    <tel>+32457614751368</tel>
  </pharmacien>


  <pharmacien>
    <inami>820084613430</inami>
    <mail>PAIN.Prudence@live.fr</mail>
    <nom>PAIN</nom>
    <tel>+32552012901502</tel>
  </pharmacien>


  <pharmacien>
    <inami>188047831266</inami>
    <mail></mail>
    <nom>DUMENIL</nom>
    <tel>+32826998142325</tel>
  </pharmacien>


  <pharmacien>
    <inami>633319227389</inami>
    <mail>A.MARC@live.fr</mail>
    <nom>MARC</nom>
    <tel>+32486365149490</tel>
  </pharmacien>


  <pharmacien>
    <inami>248999854685</inami>
    <mail></mail>
    <nom>GROULT</nom>
    <tel>+32486002833904</tel>
  </pharmacien>


  <pharmacien>
    <inami> 23383396734</inami>
    <mail></mail>
    <nom>LEGRAS</nom>
    <tel>+32793349037135</tel>
  </pharmacien>


  <pharmacien>
    <inami>259613842019</inami>
    <mail></mail>
    <nom>HEDOUIN</nom>
    <tel>+32751292787649</tel>
  </pharmacien>


  <pharmacien>
    <inami>440940770616</inami>
    <mail>O.GILLES@live.fr</mail>
    <nom>GILLES</nom>
    <tel>+32642648033335</tel>
  </pharmacien>


  <pharmacien>
    <inami>593759428319</inami>
    <mail>Marie-aude.BLANCHARD@live.be</mail>
    <nom>BLANCHARD</nom>
    <tel>+3239394125893</tel>
  </pharmacien>


  <pharmacien>
    <inami>700209238577</inami>
    <mail></mail>
    <nom>BERNARD</nom>
    <tel>+32796757123168</tel>
  </pharmacien>


  <pharmacien>
    <inami>881182873340</inami>
    <mail>O.LOISEL@live.fr</mail>
    <nom>LOISEL</nom>
    <tel>+32802840096128</tel>
  </pharmacien>


  <pharmacien>
    <inami>187713601044</inami>
    <mail>LECROQ.Nader@live.be</mail>
    <nom>LECROQ</nom>
    <tel>+32829980147065</tel>
  </pharmacien>


  <pharmacien>
    <inami>296885904830</inami>
    <mail>LECUYER.Demet@live.fr</mail>
    <nom>LECUYER</nom>
    <tel>+32962751596001</tel>
  </pharmacien>


  <pharmacien>
    <inami>595530078429</inami>
    <mail></mail>
    <nom>LACHEVRE</nom>
    <tel>+32376726382229</tel>
  </pharmacien>


  <pharmacien>
    <inami>817552118441</inami>
    <mail></mail>
    <nom>RIOULT</nom>
    <tel>+32110235662006</tel>
  </pharmacien>


  <pharmacien>
    <inami>882576282032</inami>
    <mail></mail>
    <nom>NORMAND</nom>
    <tel>+32454206210607</tel>
  </pharmacien>


  <pharmacien>
    <inami>702226866781</inami>
    <mail></mail>
    <nom>DROUET</nom>
    <tel>+32192199772373</tel>
  </pharmacien>


  <pharmacien>
    <inami>446155957903</inami>
    <mail>A.BREDEL@ulb.be</mail>
    <nom>BREDEL</nom>
    <tel>+32641294723618</tel>
  </pharmacien>


  <pharmacien>
    <inami>784573080719</inami>
    <mail>D.GILLES@live.fr</mail>
    <nom>GILLES</nom>
    <tel>+32911344004629</tel>
  </pharmacien>


  <pharmacien>
    <inami>681021734325</inami>
    <mail></mail>
    <nom>LOUVEL</nom>
    <tel>+32113710248481</tel>
  </pharmacien>


  <pharmacien>
    <inami>453999580848</inami>
    <mail></mail>
    <nom>LEBOUCHER</nom>
    <tel>+32737663470606</tel>
  </pharmacien>


  <pharmacien>
    <inami>206396449532</inami>
    <mail></mail>
    <nom>DUPONT</nom>
    <tel>+32753974601714</tel>
  </pharmacien>


  <pharmacien>
    <inami>893006859724</inami>
    <mail></mail>
    <nom>BLANCHARD</nom>
    <tel>+32879123511984</tel>
  </pharmacien>


  <pharmacien>
    <inami>762175463053</inami>
    <mail>FORTIN.Marie-aude@ulb.be</mail>
    <nom>FORTIN</nom>
    <tel>+3221089800784</tel>
  </pharmacien>


  <pharmacien>
    <inami>815742212325</inami>
    <mail>O.DELAPORTE@outlook.com</mail>
    <nom>DELAPORTE</nom>
    <tel>+3223309501300</tel>
  </pharmacien>


  <pharmacien>
    <inami> 87661659910</inami>
    <mail>D.DEBRIS@hotmail.be</mail>
    <nom>DEBRIS</nom>
    <tel>+32858674750130</tel>
  </pharmacien>


  <pharmacien>
    <inami>485496770150</inami>
    <mail>Derya.DUBOC@hotmail.com</mail>
    <nom>DUBOC</nom>
    <tel>+32196281791885</tel>
  </pharmacien>


  <pharmacien>
    <inami>932879657259</inami>
    <mail></mail>
    <nom>SANSON</nom>
    <tel>+32740539227238</tel>
  </pharmacien>


  <pharmacien>
    <inami>806751992071</inami>
    <mail>POULAIN.Eden@outlook.com</mail>
    <nom>POULAIN</nom>
    <tel>+32861409378396</tel>
  </pharmacien>


  <pharmacien>
    <inami>364472258295</inami>
    <mail>E.ISAAC@hotmail.be</mail>
    <nom>ISAAC</nom>
    <tel>+3247935930532</tel>
  </pharmacien>


  <pharmacien>
    <inami>285826141112</inami>
    <mail>HAUGUEL.Jean-eudes@live.fr</mail>
    <nom>HAUGUEL</nom>
    <tel>+32334427775672</tel>
  </pharmacien>


  <pharmacien>
    <inami>325922365310</inami>
    <mail></mail>
    <nom>SENECAL</nom>
    <tel>+32824476896945</tel>
  </pharmacien>


  <pharmacien>
    <inami>737011051825</inami>
    <mail></mail>
    <nom>LACHEVRE</nom>
    <tel>+32272240746606</tel>
  </pharmacien>


  <pharmacien>
    <inami>993671120117</inami>
    <mail></mail>
    <nom>DUCLOS</nom>
    <tel>+32775949411148</tel>
  </pharmacien>


  <pharmacien>
    <inami>382830537208</inami>
    <mail></mail>
    <nom>LACAILLE</nom>
    <tel>+32223954811419</tel>
  </pharmacien>


  <pharmacien>
    <inami>511996186319</inami>
    <mail></mail>
    <nom>GILLE</nom>
    <tel>+32739194769910</tel>
  </pharmacien>


  <pharmacien>
    <inami>676688226304</inami>
    <mail>Abdel.DEMAREST@hotmail.be</mail>
    <nom>DEMAREST</nom>
    <tel>+32486727285650</tel>
  </pharmacien>


  <pharmacien>
    <inami>741597045983</inami>
    <mail>M.MENARD@ulb.be</mail>
    <nom>MENARD</nom>
    <tel>+32655559533905</tel>
  </pharmacien>


  <pharmacien>
    <inami>955028192613</inami>
    <mail>Rolande.LAINE@ulb.be</mail>
    <nom>LAINE</nom>
    <tel>+32313886505470</tel>
  </pharmacien>


  <pharmacien>
    <inami>190355923201</inami>
    <mail>R.FERET@ulb.be</mail>
    <nom>FERET</nom>
    <tel>+32557272682688</tel>
  </pharmacien>


  <pharmacien>
    <inami>549051172271</inami>
    <mail>Nader.DEHAIS@hotmail.com</mail>
    <nom>DEHAIS</nom>
    <tel>+32115213519940</tel>
  </pharmacien>


  <pharmacien>
    <inami>412383690415</inami>
    <mail>D.CLEMENT@hotmail.be</mail>
    <nom>CLEMENT</nom>
    <tel>+32185380035498</tel>
  </pharmacien>


  <pharmacien>
    <inami>778120925141</inami>
    <mail>Nader.QUEVAL@live.be</mail>
    <nom>QUEVAL</nom>
    <tel>+32795112808510</tel>
  </pharmacien>


  <pharmacien>
    <inami>125815496076</inami>
    <mail></mail>
    <nom>GERVAIS</nom>
    <tel>+32193663567355</tel>
  </pharmacien>


  <pharmacien>
    <inami>496927523030</inami>
    <mail>A.AUVRAY@live.fr</mail>
    <nom>AUVRAY</nom>
    <tel>+32219970472992</tel>
  </pharmacien>


  <pharmacien>
    <inami>320546147913</inami>
    <mail></mail>
    <nom>DUVAL</nom>
    <tel>+32660982408990</tel>
  </pharmacien>


  <pharmacien>
    <inami> 97666991728</inami>
    <mail>Debora.BELLENGER@hotmail.be</mail>
    <nom>BELLENGER</nom>
    <tel>+32850568341063</tel>
  </pharmacien>


  <pharmacien>
    <inami>383969038456</inami>
    <mail>LEMONNIER.Madeleine@live.fr</mail>
    <nom>LEMONNIER</nom>
    <tel>+32492045333890</tel>
  </pharmacien>


  <pharmacien>
    <inami>947570450859</inami>
    <mail></mail>
    <nom>GOUJON</nom>
    <tel>+32720972288705</tel>
  </pharmacien>


  <pharmacien>
    <inami>439713517317</inami>
    <mail></mail>
    <nom>GOSSE</nom>
    <tel>+32454261535129</tel>
  </pharmacien>


  <pharmacien>
    <inami>333355471624</inami>
    <mail></mail>
    <nom>GRENIER</nom>
    <tel>+32172204059182</tel>
  </pharmacien>


  <pharmacien>
    <inami>894592023082</inami>
    <mail>BRETON.Dean@live.be</mail>
    <nom>BRETON</nom>
    <tel>+32219233227152</tel>
  </pharmacien>


  <pharmacien>
    <inami>577529633304</inami>
    <mail>A.CADINOT@live.be</mail>
    <nom>CADINOT</nom>
    <tel>+32505541854847</tel>
  </pharmacien>


  <pharmacien>
    <inami>236464181957</inami>
    <mail>Annie-claude.LEBAS@live.fr</mail>
    <nom>LEBAS</nom>
    <tel>+32145884350205</tel>
  </pharmacien>


  <pharmacien>
    <inami> 35185900372</inami>
    <mail>DELAHAYE.Edmonde@live.be</mail>
    <nom>DELAHAYE</nom>
    <tel>+32593813459401</tel>
  </pharmacien>


  <pharmacien>
    <inami>580434080972</inami>
    <mail></mail>
    <nom>GIRARD</nom>
    <tel>+32139869001441</tel>
  </pharmacien>


  <pharmacien>
    <inami>788793932023</inami>
    <mail>M.LECOEUR@live.be</mail>
    <nom>LECOEUR</nom>
    <tel>+32344558249216</tel>
  </pharmacien>


  <pharmacien>
    <inami>864551363647</inami>
    <mail></mail>
    <nom>DUFOUR</nom>
    <tel>+32681487642772</tel>
  </pharmacien>


  <pharmacien>
    <inami>635454115643</inami>
    <mail></mail>
    <nom>LAINE</nom>
    <tel>+32676224227075</tel>
  </pharmacien>


  <pharmacien>
    <inami>127541273224</inami>
    <mail>J.SAVALLE@hotmail.com</mail>
    <nom>SAVALLE</nom>
    <tel>+32601332116949</tel>
  </pharmacien>


  <pharmacien>
    <inami>473770579713</inami>
    <mail></mail>
    <nom>CARDON</nom>
    <tel>+32788755981515</tel>
  </pharmacien>


  <pharmacien>
    <inami>499947416926</inami>
    <mail>E.LEFORT@hotmail.be</mail>
    <nom>LEFORT</nom>
    <tel>+32611497722455</tel>
  </pharmacien>


  <pharmacien>
    <inami>945427022339</inami>
    <mail>J.GOUPIL@hotmail.be</mail>
    <nom>GOUPIL</nom>
    <tel>+32841992226171</tel>
  </pharmacien>


  <pharmacien>
    <inami>103619031754</inami>
    <mail>M.HENRY@live.fr</mail>
    <nom>HENRY</nom>
    <tel>+32721434822882</tel>
  </pharmacien>


  <pharmacien>
    <inami>579137566985</inami>
    <mail>Desire.BACHELET@live.fr</mail>
    <nom>BACHELET</nom>
    <tel>+32605516334138</tel>
  </pharmacien>


  <pharmacien>
    <inami>594631418667</inami>
    <mail>F.BELLET@outlook.com</mail>
    <nom>BELLET</nom>
    <tel>+32725650537214</tel>
  </pharmacien>


  <pharmacien>
    <inami>946168930365</inami>
    <mail>F.LABBE@hotmail.be</mail>
    <nom>LABBE</nom>
    <tel>+32387858090699</tel>
  </pharmacien>


  <pharmacien>
    <inami>703927574683</inami>
    <mail></mail>
    <nom>JOUEN</nom>
    <tel>+32778538579758</tel>
  </pharmacien>


  <pharmacien>
    <inami>346878859878</inami>
    <mail></mail>
    <nom>VAUTIER</nom>
    <tel>+32481133825780</tel>
  </pharmacien>


  <pharmacien>
    <inami>495392300903</inami>
    <mail>D.LELEU@hotmail.be</mail>
    <nom>LELEU</nom>
    <tel>+3285982383837</tel>
  </pharmacien>


  <pharmacien>
    <inami>318438768344</inami>
    <mail></mail>
    <nom>DESCHAMPS</nom>
    <tel>+32941637687572</tel>
  </pharmacien>


  <pharmacien>
    <inami>947320143264</inami>
    <mail></mail>
    <nom>DUCHEMIN</nom>
    <tel>+32575724752696</tel>
  </pharmacien>


  <pharmacien>
    <inami>281095929470</inami>
    <mail></mail>
    <nom>DESHAYES</nom>
    <tel>+3289313826935</tel>
  </pharmacien>


  <pharmacien>
    <inami>830438196677</inami>
    <mail></mail>
    <nom>FREBOURG</nom>
    <tel>+3235794521971</tel>
  </pharmacien>


  <pharmacien>
    <inami>903723209015</inami>
    <mail>ROUSSEAU.Nicodeme@live.be</mail>
    <nom>ROUSSEAU</nom>
    <tel>+32881126551136</tel>
  </pharmacien>


  <pharmacien>
    <inami>582345399548</inami>
    <mail>Kader.CARPENTIER@hotmail.be</mail>
    <nom>CARPENTIER</nom>
    <tel>+32607276726834</tel>
  </pharmacien>


  <pharmacien>
    <inami>325655265749</inami>
    <mail>Adeel.LAVENU@hotmail.com</mail>
    <nom>LAVENU</nom>
    <tel>+32294163944053</tel>
  </pharmacien>


  <pharmacien>
    <inami>132478631169</inami>
    <mail>D.LEFEBVRE@live.be</mail>
    <nom>LEFEBVRE</nom>
    <tel>+32775506060003</tel>
  </pharmacien>


  <pharmacien>
    <inami>853038478052</inami>
    <mail>Matilde.ROSE@live.fr</mail>
    <nom>ROSE</nom>
    <tel>+3245684965389</tel>
  </pharmacien>


  <pharmacien>
    <inami>353030337661</inami>
    <mail>AUGER.Marie-aude@outlook.com</mail>
    <nom>AUGER</nom>
    <tel>+32553122309867</tel>
  </pharmacien>


  <pharmacien>
    <inami>693040867493</inami>
    <mail>O.LELIEVRE@hotmail.com</mail>
    <nom>LELIEVRE</nom>
    <tel>+32904135454340</tel>
  </pharmacien>


  <pharmacien>
    <inami> 25918729207</inami>
    <mail>EUDE.Rosemondz@hotmail.be</mail>
    <nom>EUDE</nom>
    <tel>+32825865691209</tel>
  </pharmacien>


  <pharmacien>
    <inami>624505790681</inami>
    <mail>M.ANDRE@live.be</mail>
    <nom>ANDRE</nom>
    <tel>+3211512422519</tel>
  </pharmacien>


  <pharmacien>
    <inami>718707341777</inami>
    <mail>O.HENRY@hotmail.com</mail>
    <nom>HENRY</nom>
    <tel>+32175651450898</tel>
  </pharmacien>


  <pharmacien>
    <inami>190325020227</inami>
    <mail>A.DUMESNIL@outlook.com</mail>
    <nom>DUMESNIL</nom>
    <tel>+32767518354072</tel>
  </pharmacien>


  <pharmacien>
    <inami>232693105938</inami>
    <mail>Frederick.PRIEUR@ulb.be</mail>
    <nom>PRIEUR</nom>
    <tel>+32605266428643</tel>
  </pharmacien>


  <pharmacien>
    <inami>246773610886</inami>
    <mail></mail>
    <nom>ADAM</nom>
    <tel>+32186412938374</tel>
  </pharmacien>


  <pharmacien>
    <inami>793505952443</inami>
    <mail>QUESNEL.Delphine@live.fr</mail>
    <nom>QUESNEL</nom>
    <tel>+32987348875410</tel>
  </pharmacien>


  <pharmacien>
    <inami>196111208320</inami>
    <mail></mail>
    <nom>AVENEL</nom>
    <tel>+32103280275859</tel>
  </pharmacien>


  <pharmacien>
    <inami>792368554760</inami>
    <mail></mail>
    <nom>BEAUFILS</nom>
    <tel>+3270678399332</tel>
  </pharmacien>


  <pharmacien>
    <inami>263214195431</inami>
    <mail>BENARD.Sondes@ulb.be</mail>
    <nom>BENARD</nom>
    <tel>+32578891663777</tel>
  </pharmacien>


  <pharmacien>
    <inami>513472881803</inami>
    <mail></mail>
    <nom>LEPREVOST</nom>
    <tel>+32637096684706</tel>
  </pharmacien>


  <pharmacien>
    <inami> 64711501067</inami>
    <mail></mail>
    <nom>FONTAINE</nom>
    <tel>+32868881840766</tel>
  </pharmacien>


  <pharmacien>
    <inami>  2590864465</inami>
    <mail></mail>
    <nom>CAVELIER</nom>
    <tel>+32256227918964</tel>
  </pharmacien>


  <pharmacien>
    <inami>740093864755</inami>
    <mail>Dewi.SAUVAGE@live.be</mail>
    <nom>SAUVAGE</nom>
    <tel>+3264792957240</tel>
  </pharmacien>


  <pharmacien>
    <inami>546964497503</inami>
    <mail></mail>
    <nom>VATINEL</nom>
    <tel>+32750123268496</tel>
  </pharmacien>


  <pharmacien>
    <inami>904085228997</inami>
    <mail></mail>
    <nom>BELLENGER</nom>
    <tel>+32179495309697</tel>
  </pharmacien>


  <pharmacien>
    <inami>268994351855</inami>
    <mail></mail>
    <nom>QUEVAL</nom>
    <tel>+32411667057065</tel>
  </pharmacien>


  <pharmacien>
    <inami>515127806168</inami>
    <mail>Eudes.HAUCHECORNE@hotmail.com</mail>
    <nom>HAUCHECORNE</nom>
    <tel>+3252800291079</tel>
  </pharmacien>


  <pharmacien>
    <inami>314987000437</inami>
    <mail></mail>
    <nom>GUERIN</nom>
    <tel>+32543201078694</tel>
  </pharmacien>


  <pharmacien>
    <inami>339959247235</inami>
    <mail>HAREL.Frederic@live.be</mail>
    <nom>HAREL</nom>
    <tel>+32183183719202</tel>
  </pharmacien>


  <pharmacien>
    <inami> 90627628981</inami>
    <mail></mail>
    <nom>SEVESTRE</nom>
    <tel>+32917578252269</tel>
  </pharmacien>


  <pharmacien>
    <inami>556818335507</inami>
    <mail></mail>
    <nom>LAMY</nom>
    <tel>+32336529128124</tel>
  </pharmacien>


  <pharmacien>
    <inami> 80156206744</inami>
    <mail>S.GRENET@live.fr</mail>
    <nom>GRENET</nom>
    <tel>+32318910274400</tel>
  </pharmacien>


  <pharmacien>
    <inami>610005280750</inami>
    <mail>J.GODEFROY@hotmail.com</mail>
    <nom>GODEFROY</nom>
    <tel>+32207751731121</tel>
  </pharmacien>


  <pharmacien>
    <inami>800628039125</inami>
    <mail></mail>
    <nom>BARRE</nom>
    <tel>+32519104983058</tel>
  </pharmacien>


  <pharmacien>
    <inami>204227851655</inami>
    <mail></mail>
    <nom>LETAILLEUR</nom>
    <tel>+32464403191035</tel>
  </pharmacien>


  <pharmacien>
    <inami>204808929765</inami>
    <mail>D.HEDOUIN@live.fr</mail>
    <nom>HEDOUIN</nom>
    <tel>+3289057334238</tel>
  </pharmacien>


  <pharmacien>
    <inami>470616730662</inami>
    <mail>LESEIGNEUR.Denis@ulb.be</mail>
    <nom>LESEIGNEUR</nom>
    <tel>+32100620425201</tel>
  </pharmacien>


  <pharmacien>
    <inami>993598021317</inami>
    <mail>Odelia.DUPRE@hotmail.com</mail>
    <nom>DUPRE</nom>
    <tel>+32225031682896</tel>
  </pharmacien>


  <pharmacien>
    <inami>855655606025</inami>
    <mail>Edern.AUBIN@hotmail.be</mail>
    <nom>AUBIN</nom>
    <tel>+32925336206615</tel>
  </pharmacien>


  <pharmacien>
    <inami>184480882791</inami>
    <mail>GILLES.Derya@live.be</mail>
    <nom>GILLES</nom>
    <tel>+32313233940613</tel>
  </pharmacien>


  <pharmacien>
    <inami>521120091980</inami>
    <mail>Clyde.LEBOUCHER@ulb.be</mail>
    <nom>LEBOUCHER</nom>
    <tel>+32246944286264</tel>
  </pharmacien>


  <pharmacien>
    <inami>645019441550</inami>
    <mail>D.MABIRE@ulb.be</mail>
    <nom>MABIRE</nom>
    <tel>+32602330662747</tel>
  </pharmacien>


  <pharmacien>
    <inami>611204471453</inami>
    <mail>Deborah.DUBOS@outlook.com</mail>
    <nom>DUBOS</nom>
    <tel>+32443229391703</tel>
  </pharmacien>


  <pharmacien>
    <inami>783416028205</inami>
    <mail>Melissande.FORTIER@live.be</mail>
    <nom>FORTIER</nom>
    <tel>+32470502756129</tel>
  </pharmacien>


  <pharmacien>
    <inami>539956123547</inami>
    <mail></mail>
    <nom>MAHIEU</nom>
    <tel>+32794137639803</tel>
  </pharmacien>


  <pharmacien>
    <inami>124798830594</inami>
    <mail>LEMAITRE.Demys@hotmail.be</mail>
    <nom>LEMAITRE</nom>
    <tel>+3255867188975</tel>
  </pharmacien>


  <pharmacien>
    <inami>371249966818</inami>
    <mail>BREANT.Maider@live.be</mail>
    <nom>BREANT</nom>
    <tel>+32138524015862</tel>
  </pharmacien>


  <pharmacien>
    <inami>383503237168</inami>
    <mail></mail>
    <nom>GODARD</nom>
    <tel>+32885971245696</tel>
  </pharmacien>


  <pharmacien>
    <inami>149651198072</inami>
    <mail></mail>
    <nom>SAUNIER</nom>
    <tel>+32871969178284</tel>
  </pharmacien>


  <pharmacien>
    <inami>714194836024</inami>
    <mail>Melissande.COQUEREL@hotmail.com</mail>
    <nom>COQUEREL</nom>
    <tel>+32214331972029</tel>
  </pharmacien>


  <pharmacien>
    <inami>289437513500</inami>
    <mail></mail>
    <nom>POULAIN</nom>
    <tel>+32753807855789</tel>
  </pharmacien>


  <pharmacien>
    <inami>514192463583</inami>
    <mail></mail>
    <nom>FAUVEL</nom>
    <tel>+32776436126539</tel>
  </pharmacien>


  <pharmacien>
    <inami>483777547219</inami>
    <mail>N.HERICHER@live.be</mail>
    <nom>HERICHER</nom>
    <tel>+32521406082107</tel>
  </pharmacien>


  <pharmacien>
    <inami>970260812896</inami>
    <mail></mail>
    <nom>MOTTE</nom>
    <tel>+32703524870173</tel>
  </pharmacien>


  <pharmacien>
    <inami>782171334531</inami>
    <mail>H.DELABARRE@hotmail.com</mail>
    <nom>DELABARRE</nom>
    <tel>+32536975247382</tel>
  </pharmacien>


  <pharmacien>
    <inami>243606599495</inami>
    <mail></mail>
    <nom>OSMONT</nom>
    <tel>+32520893006854</tel>
  </pharmacien>


  <pharmacien>
    <inami>533030075615</inami>
    <mail>N.CARPENTIER@hotmail.be</mail>
    <nom>CARPENTIER</nom>
    <tel>+32280913841518</tel>
  </pharmacien>


  <pharmacien>
    <inami> 46207902490</inami>
    <mail>Y.QUESNEL@hotmail.be</mail>
    <nom>QUESNEL</nom>
    <tel>+32981656760360</tel>
  </pharmacien>


  <pharmacien>
    <inami>998088142669</inami>
    <mail></mail>
    <nom>LEMIRE</nom>
    <tel>+32593614079964</tel>
  </pharmacien>


  <pharmacien>
    <inami>196346749928</inami>
    <mail></mail>
    <nom>GUERIN</nom>
    <tel>+32285784950235</tel>
  </pharmacien>


  <pharmacien>
    <inami>474814337424</inami>
    <mail></mail>
    <nom>GIFFARD</nom>
    <tel>+32536313327349</tel>
  </pharmacien>


  <pharmacien>
    <inami>876617660526</inami>
    <mail>C.DELAFOSSE@hotmail.be</mail>
    <nom>DELAFOSSE</nom>
    <tel>+32918369452160</tel>
  </pharmacien>


  <pharmacien>
    <inami>795916192956</inami>
    <mail>D.FREMONT@hotmail.be</mail>
    <nom>FREMONT</nom>
    <tel>+32521981212655</tel>
  </pharmacien>


  <pharmacien>
    <inami>191261723215</inami>
    <mail></mail>
    <nom>DUMONT</nom>
    <tel>+32875644179514</tel>
  </pharmacien>


  <pharmacien>
    <inami>349076965116</inami>
    <mail></mail>
    <nom>DUMENIL</nom>
    <tel>+32159456042516</tel>
  </pharmacien>


  <pharmacien>
    <inami>874187305771</inami>
    <mail></mail>
    <nom>THOREL</nom>
    <tel>+32849569211946</tel>
  </pharmacien>


  <pharmacien>
    <inami>480809020916</inami>
    <mail>F.LEBRET@outlook.com</mail>
    <nom>LEBRET</nom>
    <tel>+322386273394</tel>
  </pharmacien>


  <pharmacien>
    <inami>448813853206</inami>
    <mail>SAUVAGE.Adeline@live.fr</mail>
    <nom>SAUVAGE</nom>
    <tel>+32552336579521</tel>
  </pharmacien>


  <pharmacien>
    <inami>828227539900</inami>
    <mail>Edern.HEBERT@live.fr</mail>
    <nom>HEBERT</nom>
    <tel>+32512404709660</tel>
  </pharmacien>


  <pharmacien>
    <inami>606805240736</inami>
    <mail>Modestie.LECANU@outlook.com</mail>
    <nom>LECANU</nom>
    <tel>+32340092232987</tel>
  </pharmacien>


  <pharmacien>
    <inami>526534691848</inami>
    <mail>ROUSSELIN.Melissande@outlook.com</mail>
    <nom>ROUSSELIN</nom>
    <tel>+32903662630278</tel>
  </pharmacien>


  <pharmacien>
    <inami>509229634598</inami>
    <mail></mail>
    <nom>NIEL</nom>
    <tel>+32452840152886</tel>
  </pharmacien>


  <pharmacien>
    <inami>753029201737</inami>
    <mail></mail>
    <nom>LEMIRE</nom>
    <tel>+32441244124195</tel>
  </pharmacien>


  <pharmacien>
    <inami>373777729200</inami>
    <mail>Nicodeme.CLATOT@live.be</mail>
    <nom>CLATOT</nom>
    <tel>+32720819315414</tel>
  </pharmacien>


  <pharmacien>
    <inami>872957269224</inami>
    <mail></mail>
    <nom>LECOQ</nom>
    <tel>+32410611385098</tel>
  </pharmacien>


  <pharmacien>
    <inami>205713092361</inami>
    <mail></mail>
    <nom>LECLERC</nom>
    <tel>+32675450069248</tel>
  </pharmacien>


  <pharmacien>
    <inami>170438390732</inami>
    <mail></mail>
    <nom>GROUT</nom>
    <tel>+32105336677303</tel>
  </pharmacien>


  <pharmacien>
    <inami>921530936540</inami>
    <mail></mail>
    <nom>ANDRIEU</nom>
    <tel>+32602969022218</tel>
  </pharmacien>


  <pharmacien>
    <inami>772152164270</inami>
    <mail></mail>
    <nom>LEVASSEUR</nom>
    <tel>+32196815623333</tel>
  </pharmacien>


  <pharmacien>
    <inami>597114645675</inami>
    <mail></mail>
    <nom>GAUTIER</nom>
    <tel>+32647960395307</tel>
  </pharmacien>


  <pharmacien>
    <inami>310455031463</inami>
    <mail></mail>
    <nom>GIRARD</nom>
    <tel>+32234676856405</tel>
  </pharmacien>


  <pharmacien>
    <inami>414047214322</inami>
    <mail>Desire.DUMONTIER@hotmail.com</mail>
    <nom>DUMONTIER</nom>
    <tel>+32840823506847</tel>
  </pharmacien>


  <pharmacien>
    <inami>363930230002</inami>
    <mail></mail>
    <nom>BOUDIN</nom>
    <tel>+32300354780705</tel>
  </pharmacien>


  <pharmacien>
    <inami> 54655002612</inami>
    <mail></mail>
    <nom>MOUCHARD</nom>
    <tel>+32735070654846</tel>
  </pharmacien>


  <pharmacien>
    <inami>298462905839</inami>
    <mail>Abdel.MARECHAL@hotmail.be</mail>
    <nom>MARECHAL</nom>
    <tel>+32986715883468</tel>
  </pharmacien>


  <pharmacien>
    <inami>976399168055</inami>
    <mail></mail>
    <nom>CLEMENT</nom>
    <tel>+32822103349453</tel>
  </pharmacien>


  <pharmacien>
    <inami>514906291867</inami>
    <mail></mail>
    <nom>DEHAIS</nom>
    <tel>+32502876564292</tel>
  </pharmacien>


  <pharmacien>
    <inami>828762572239</inami>
    <mail>VASSE.Raymonde@live.fr</mail>
    <nom>VASSE</nom>
    <tel>+32244940778174</tel>
  </pharmacien>


  <pharmacien>
    <inami>841458252885</inami>
    <mail>FOSSE.Mathilde@ulb.be</mail>
    <nom>FOSSE</nom>
    <tel>+32414420690606</tel>
  </pharmacien>


  <pharmacien>
    <inami>798753907409</inami>
    <mail></mail>
    <nom>LOISEL</nom>
    <tel>+32497491943512</tel>
  </pharmacien>


  <pharmacien>
    <inami> 67763296133</inami>
    <mail>Derya.BREANT@hotmail.com</mail>
    <nom>BREANT</nom>
    <tel>+32232988516539</tel>
  </pharmacien>


  <pharmacien>
    <inami>392734715013</inami>
    <mail>TALBOT.Clyde@hotmail.be</mail>
    <nom>TALBOT</nom>
    <tel>+32855485322501</tel>
  </pharmacien>


  <pharmacien>
    <inami>509172505761</inami>
    <mail>DUMONTIER.Madeleine@ulb.be</mail>
    <nom>DUMONTIER</nom>
    <tel>+32363449075563</tel>
  </pharmacien>
